super,codigo,producto,precio,oferta,fecha,precio_regular,ean
COTO,11760,Aceite Girasol COCINERO Bot 1.5 Ltr,5539.31,20%Dto,2026-10-10,6925.00,7790060023684
COTO,14076,Aceite Girasol NATURA Botella 1.5 L,7464.00,,2026-10-10,7464.00,7790272001029
COTO,99437,Aceite Girasol CAÑUELAS Botella 1.5 L,6530.00,,2026-10-10,6530.00,7792180001665
COTO,50520,Aceite Girasol CAÑUELAS Botella 900 Ml,4115.00,,2026-10-10,4115.00,7792180001641
COTO,163580,Aceite Girasol NATURA Botella 900 Ml,4715.00,,2026-10-10,4715.00,7790272001005
COTO,183553,Aceite Girasol COCINERO Botella 900 Ml,4370.00,,2026-10-10,4370.00,7790070012050
COTO,179316,Aceite Mezcla Cocinero Pet 900 Ml,3465.00,,2026-10-10,3465.00,7790060234868
COTO,263797,Aceite Girasol NATURA Rocio Vegetal Aerosol 120 Gr,4429.00,,2026-10-10,4429.00,7790272000831
COTO,579337,Aceite Fritolim Clasico 120g,3674.02,25%Dto,2026-10-10,4900.00,7790070265333
COTO,562393,Aceite Oliva Extra Virgen Cocinero 500ml,13799.00,,2026-10-10,13799.00,7790070265098
COTO,539906,Aceite Mezcla Girasol Y Oliva Cocinero 900 Ml,4721.25,25%Dto,2026-10-10,6295.00,7790070231598
COTO,562398,Aceite Oliva Virgen Cocinero 500ml,11860.00,,2026-10-10,11860.00,7790070265142
COTO,268144,Aceite Mezcla Girasol Y Oliva NATURA Botella 900 Ml,6289.00,,2026-10-10,6289.00,7790272000046
COTO,179412,Aceite Mezcla Soja/Girasol Cocinero 1.5 Ltr,5495.00,,2026-10-10,5495.00,7790070225023
COTO,589889,Sal Fina Dos Anclas 500g,1170.75,25%Dto,2026-10-10,1561.00,7792900000428
COTO,179641,Aceite Girasol COTO Aerosol 120 Gr,4199.00,,2026-10-10,4199.00,2800001796418
COTO,579335,Aceite Fritolim Manteca 120g,3674.02,25%Dto,2026-10-10,4900.00,7790070265340
COTO,11362,Sal Fina CELUSAL 500g,1673.00,,2026-10-10,1673.00,7790072001014
COTO,268145,Aceite Mezcla Girasol Y Oliva NATURA Botella 1.5 L,10250.00,,2026-10-10,10250.00,7790272000053
COTO,257043,Aceite De Maiz Clásico Mazola 900ml,5710.00,,2026-10-10,5710.00,7790272000794
COTO,247948,Aceite Maiz ARCOR Botella 900 Ml,6530.00,,2026-10-10,6530.00,7790580160807
COTO,221684,Aceite Mezcla Girasol Y Oliva COPISI Botella 900 Ml,5510.00,,2026-10-10,5510.00,7790272006819
COTO,497066,Aceite Girasol PUREZA Botella 1.5 L,6980.00,,2026-10-10,6980.00,7792180137944
COTO,562394,Aceite Oliva Extra Virgen Cocinero 250ml,8300.00,,2026-10-10,8300.00,7790070265104
COTO,604013,Aceite De Coco Virgen Entrenuts 360g,19799.00,,2026-10-10,19799.00,763571722435
COTO,604014,Aceite De Coco Virgen Entrenuts 200g,12699.00,,2026-10-10,12699.00,763571722428
COTO,497065,Aceite Girasol PUREZA Botella 900 Ml,4420.00,,2026-10-10,4420.00,7792180137937
COTO,539901,Aceite Mezcla Girasol Y Oliva Cocinero 1.5 Ltr,7800.00,25%Dto,2026-10-10,10400.00,7790070231604
COTO,562396,Aceite Oliva Virgen Cocinero 250ml,6900.00,,2026-10-10,6900.00,7790070265128
COTO,59476,Vinagre Alcohol COTO Pet 1 Ltr,1267.50,25%Dto,2026-10-10,1690.00,7990000594766
COTO,271122,Aceite Oliva Extra Virgen CAÑUELAS Clásico Botella 500 Ml,14773.24,,2026-10-10,14773.24,7792180005182
COTO,529628,Aceite Mezcla Especial Lira Pet 900 Ml,7000.00,,2026-10-10,7000.00,7790070231574
COTO,624403,Aceite de oliva extra virgen COCINERO 900ml,23830.00,,2026-10-10,23830.00,7790070104304
COTO,510431,Aceite Maiz . Lira Pet 900 Ml,6615.00,,2026-10-10,6615.00,7790070231697
COTO,222129,Vinagre Alcohol FAVINCO Pet 1 L,1587.00,,2026-10-10,1587.00,7790139101138
COTO,617675,Aceite Oliva Virgen Nucete Oliva Botella 2 L,44299.00,,2026-10-10,44299.00,7792070072737
COTO,624389,Aceite de oliva puro COCINERO 900ml,20619.00,,2026-10-10,20619.00,7790070104311
COTO,283953,Aceite Oliva Virgen NATURA Aerosol 120 Gr,6106.00,,2026-10-10,6106.00,7790272000954
COTO,510405,Aceite Oliva Virgen Extra Clásico NUCETE 2l,47192.00,,2026-10-10,47192.00,7792070053934
COTO,604539,Aceite De Oliva Virgen Nucete 500ml,13485.00,,2026-10-10,13485.00,7792070071600
COTO,576035,Aceite Oliva Suave Natura 500ml,14480.00,,2026-10-10,14480.00,7790272008394
COTO,604011,Aceite De Coco Neutro Entrenuts 200g,7699.00,,2026-10-10,7699.00,763571722411
COTO,484971,Aceite Rocío Vegetal Cañuelas Girasol Aerosol 187 Ml,4399.00,,2026-10-10,4399.00,7792180131935
COTO,511517,Aceite Oliva . Morixe Pet 500 Ml,12829.00,,2026-10-10,12829.00,7790199603771
COTO,579336,Aceite Fritolim Oliva 120g,6090.00,,2026-10-10,6090.00,7790070265357
COTO,485321,Aceite Rocío Vegetal MAMÁ COCINA Aerosol 184 Ml,3913.32,,2026-10-10,3913.32,7792180131959
COTO,515792,Aceite Oliva Extra Virgen Intenso COCINERO 500ml,13650.00,,2026-10-10,13650.00,7790070231864
COTO,515794,Aceite Oliva Extra Virgen Suave COCINERO 500ml,13650.00,,2026-10-10,13650.00,7790070231871
COTO,572174,Aceite De Oliva Extra Virgen Clásico 500ml,16695.00,,2026-10-10,16695.00,7790070265173
COTO,515795,Aceite Oliva Extra Virgen Clásico Lira Bot 500 Ml,15015.00,,2026-10-10,15015.00,7790070231833
COTO,500118,Aceite Oliva Extra Virgen Morixe Pet 500 Ml,14699.00,,2026-10-10,14699.00,7790199603757
COTO,236161,Aceite Oliva Virgen Extra LA TOSCANA Con Ajo Botella 250 Ml,13799.00,,2026-10-10,13799.00,7798080520657
COTO,484970,Aceite Rocío Vegetal Virgen Extra CAÑUELAS Aerosol 187 Ml,5530.36,,2026-10-10,5530.36,7792180131942
COTO,485926,Aceite Oliva Virgen Extra Ciudad Del Lago Botella 500 Ml,12799.00,,2026-10-10,12799.00,2800004859264
COTO,511013,Aceite Oliva Virgen Extra C Zuelo Bot 500 Ml,20049.00,,2026-10-10,20049.00,7791728022049
COTO,576037,Aceite Oliva Andino Natura 500ml,17599.00,,2026-10-10,17599.00,7790272008387
COTO,457470,Aceite Oliva Extra Virgen OLIOVITA Clásico Botella 250 Ml,11122.00,,2026-10-10,11122.00,7798061190664
COTO,570407,Aceite Oliva Virgen Extra Genovesa Zuccardi 500ml,26499.00,,2026-10-10,26499.00,7791728246544
COTO,21215,Aceite Oliva Virgen Extra NUCETE Botella 500 Ml,15169.00,,2026-10-10,15169.00,7792070001614
COTO,482859,Aceite Rocío Vegetal NUCETE Oliva Aerosol 150 Ml,5194.00,,2026-10-10,5194.00,7792070053316
COTO,566201,Aceite Rocío Vegetal De Oliva Coto 120g,4944.00,,2026-10-10,4944.00,2800005662016
COTO,271073,Aceite Oliva Extra Virgen CAÑUELAS Intenso Botella 500 Ml,14773.24,,2026-10-10,14773.24,7792180005229
COTO,231465,Aceite Oliva Extra Virgen Pisi Bot 2 Ltr,55499.00,,2026-10-10,55499.00,7798078733069
COTO,271068,Aceite Oliva Extra Virgen CAÑUELAS Suave Botella 500 Ml,14859.00,,2026-10-10,14859.00,7792180005205
COTO,570405,Aceite Oliva Virgen Extra Genovesa Zuccardi 250ml,15499.00,,2026-10-10,15499.00,7791728246537
COTO,572175,Aceite De Oliva Extra Virgen Clásico Lira 1l,33358.00,,2026-10-10,33358.00,7790070265166
COTO,614299,Aceite Oliva Virgen Extra Pisi 500ml,21950.00,,2026-10-10,21950.00,7798078733526
COTO,141582,Aceite Oliva Extra Virgen NUCETE Clásico Botella 250 Ml,8540.00,,2026-10-10,8540.00,7792070001652
COTO,87922,Sal Fina COLOSAL 500g,825.00,,2026-10-10,825.00,7790641000011
COTO,614298,Aceite De Oliva Virgen Extra Orgánico Pisi 500ml,21120.00,,2026-10-10,21120.00,7798078733632
COTO,613076,Aceite De Oliva Extra Virgen Golden Blue Morixe 500ml,19499.00,,2026-10-10,19499.00,7790199604556
COTO,223356,Aceite Oliva Extra Virgen LA TOSCANA Botella 500 Ml,18999.00,,2026-10-10,18999.00,7798080520077
COTO,267185,Aceite Aerosol Mazola Maiz Rocio Vegetal Aer 120 Grm,4939.00,,2026-10-10,4939.00,7790272000848
COTO,576036,Aceite Oliva Fuerte Natura 500ml,14480.00,,2026-10-10,14480.00,7790272008417
COTO,194923,Aceite Oliva Pisi Botella 250 Ml,10800.00,,2026-10-10,10800.00,7798078733403
COTO,468302,Aceite Oliva La Toscana Con Pesto Botella 250 Ml,13799.00,,2026-10-10,13799.00,7798080521531
COTO,162778,Aceite Oliva Extra Virgen NUCETE Lata 500 Ml,16748.00,,2026-10-10,16748.00,7792070011606
COTO,141422,Aceite Oliva E.Vir.Org.Arbe Oliovita Bot 500 Cmq,23000.00,,2026-10-10,23000.00,7798061190022
COTO,534645,Aceite Oliva Virgen Extra Orgánico ZUELO 500 Ml,25661.00,,2026-10-10,25661.00,7791728242720
COTO,562868,Aceite Oliva Extra Virgen Clásico Nucete 1000ml,29776.00,,2026-10-10,29776.00,7792070053811
COTO,511018,Aceite Oliva Virgen Extra I Zuelo Bot 500 Ml,20049.00,,2026-10-10,20049.00,7791728003550
COTO,194921,Aceite Oliva Extra Virgen Pisi Botella 500 Ml,16600.00,,2026-10-10,16600.00,7798078731102
COTO,7197,Vinagre Alcohol MENOYO Pet 1 Ltr,1854.00,,2026-10-10,1854.00,7790130000058
COTO,267254,Aceite Oliva Extra Virgen LA TOSCANA Con Limón Botella 250 Ml,13799.00,,2026-10-10,13799.00,7798080521265
COTO,40128,Sal Parrillera Entrefina DOS ANCLAS 500gr,1116.00,25%Dto,2026-10-10,1488.00,7792900092683
COTO,580894,Aceite Oliva Extra Virgen Clasica Lira 500ml,18795.00,,2026-10-10,18795.00,7790070265203
COTO,464600,Aceite Oliva Extra Virgen Intenso Casalta 250 Ml,13043.00,,2026-10-10,13043.00,7790139004835
COTO,511014,Aceite Oliva Virgen Extra S Zuelo Bot 500 Ml,20049.00,,2026-10-10,20049.00,7791728003574
COTO,539096,Aceite Oliva Extra Virgen Morixe 250 Grm,9799.00,,2026-10-10,9799.00,7790199603764
COTO,245154,Aceite Oliva Virgen Extra OLIOVITA Mediterráneo 500 Ml,15700.00,,2026-10-10,15700.00,7798061190596
COTO,236162,Aceite Oliva Extra Virgen LA TOSCANA Con Albahaca Botella 250 Ml,13799.00,,2026-10-10,13799.00,7798080520534
COTO,570408,Aceita De Oliva Virgen Extra Coratina Zuccardi 500ml,26499.00,,2026-10-10,26499.00,7791728246629
COTO,297605,Aceite Oliva Extra Virgen CAÑUELAS Clásico Lata 500 Ml,17161.00,,2026-10-10,17161.00,7792180005175
COTO,194454,Aceite Oliva Extra Virgen OLIOVITA Botella 500 Ml,15700.00,,2026-10-10,15700.00,7798061190312
COTO,457474,Aceite Oliva Virgen Extra OLIOVITA Mediterráneo Botella 250 Ml,10246.00,,2026-10-10,10246.00,7798061190671
COTO,127496,Lomitos De Atún En Aceite CIUDAD DEL LAGO 170g,3249.00,,2026-10-10,3249.00,2800001274961
COTO,616425,Sal Gruesa Dos Anclas 500g,1121.25,25%Dto,2026-10-10,1495.00,7792900613079
COTO,70702,Atun En Aceite CIUDAD DEL LAGO Desmenuzado Lata 170 Gr,1185.00,25%Dto,2026-10-10,1580.00,2800000707026
COTO,210101,Vinagre Alcohol CASALTA Bot 1000 Cmq,1707.00,,2026-10-10,1707.00,7790139003173
COTO,534749,Vinagre De Alcohol Favinco 500 Ml,1162.00,,2026-10-10,1162.00,7790139101145
COTO,481562,Aceite Oliva Virgen Extra OLIOVITA Botella 1 L,41000.00,,2026-10-10,41000.00,7798061190763
COTO,14111,Sal Fina DOS ANCLAS 500gr,1326.00,25%Dto,2026-10-10,1768.00,7792900000138
COTO,500952,Aceite Canola Y Limón KROL Bot 250 Ml,8421.00,,2026-10-10,8421.00,7798127480494
COTO,479458,Aceite Oliva Virgen Extra Oliovita Botella 500 Ml,23000.00,,2026-10-10,23000.00,7798061190732
COTO,485338,Vinagre Alcohol Alcazar Pet 500 Cmq,1175.00,,2026-10-10,1175.00,7790130000263
COTO,574739,Aceite Oliva Virgen Extra Intenso Nucete 500ml,16630.00,,2026-10-10,16630.00,7792070002192
COTO,590222,Vinagre De Alcohol Favinco 5l,8133.00,,2026-10-10,8133.00,7790673000188
COTO,11701,Sal Fina . Celusal Est 500 Grm,1894.00,,2026-10-10,1894.00,7790072002080
COTO,489264,Sal Entrefina Para Parrilla CELUSAL Paq 500 Grm,1579.00,,2026-10-10,1579.00,7791004000839
COTO,242803,Aceto Balsamico COCINERO Bot 250 Ml,2452.50,25%Dto,2026-10-10,3270.00,7790070228031
COTO,570404,Aceite Oliva Virgen Extra Piscual Zuccardi 500ml,26499.00,,2026-10-10,26499.00,7791728246582
COTO,210102,Vinagre Alcohol CASALTA Bot 500 Cmq,1205.00,,2026-10-10,1205.00,7790139003166
COTO,5933,Vinagre De Alcohol MENOYO 500cc,1441.00,,2026-10-10,1441.00,7790130000034
COTO,258361,Jugo De Limon Minerva Pet 250 CC,2230.00,,2026-10-10,2230.00,7790070507372
COTO,267186,Aceite Antiadherente Manteca Mazola Aer 120 Grm,4939.00,,2026-10-10,4939.00,7790272000855
COTO,271491,Jugo De Limon Menoyo Pet 250 CC,1767.00,,2026-10-10,1767.00,7790130000713
COTO,296136,Aceite De Oliva Virgen Extra Suave NUCETE 500ml,15169.00,,2026-10-10,15169.00,7792070002185
COTO,135307,Vinagre Alcohol DOS ANCLAS Pet 500 Cmq,1347.00,,2026-10-10,1347.00,7792900093024
COTO,566202,Aceite Rocio Vegetal Manteca Coto 120g,3990.00,,2026-10-10,3990.00,2800005662023
COTO,489270,Sal Gruesa . Celusal Paq 500 Grm,1579.00,,2026-10-10,1579.00,7791004000822
COTO,87923,Sal Gruesa COLOSAL X Kg,1400.00,,2026-10-10,1400.00,7790641000028
COTO,218338,Aceite Canola Virgen COTO Botella 500 Ml,11990.00,,2026-10-10,11990.00,2800002183385
COTO,223353,Aceite Oliva Extra Virgen LA TOSCANA Botella 250 Ml,10599.00,,2026-10-10,10599.00,7798080520084
COTO,562399,Aceite Oliva Extra Virgen Lira 250ml,7875.00,,2026-10-10,7875.00,7790070231635
COTO,534744,Vinagre De Manzana Favinco 500 Ml,2312.00,,2026-10-10,2312.00,7790139101183
COTO,608865,Atún aleta amarilla en aceite COTO 170g,3699.00,,2026-10-10,3699.00,2800006088655
COTO,190515,Aceite Oliva Virgen Extra Oliovita Botella 250 Ml,12535.00,,2026-10-10,12535.00,7798061190589
COTO,179551,Lomitos De Atún En Aceite Y Agua Con Caldo Vegetal COTO 165g,3579.00,,2026-10-10,3579.00,2800001795510
COTO,481302,Aceto Reduccion COCINERO Pet 250 Ml,3161.25,25%Dto,2026-10-10,4215.00,7790070231253
COTO,40160,Sal Gruesa . Dos Anclas Est 500 Grm,1147.50,25%Dto,2026-10-10,1530.00,7792900092676
COTO,527924,Jugo De Limon Favinco Bot 500 Ml,2167.00,,2026-10-10,2167.00,7790139100926
COTO,616435,Sal Entrefina Dos Anclas 500g,1121.25,25%Dto,2026-10-10,1495.00,7792900623078
COTO,527928,Jugo De Limon Favinco Bot 1 Ltr,2981.00,,2026-10-10,2981.00,7790139100919
COTO,225926,Aceto Balsamico Favinco Tipo Modena 250 Ml,3166.00,,2026-10-10,3166.00,7790139003425
COTO,534743,Vinagre De Vino Favinco 500 Ml,1873.00,,2026-10-10,1873.00,7790139101169
COTO,181008,Sardinas En Aceite GOMES DA COSTA 125g,2420.00,,2026-10-10,2420.00,7891167831865
COTO,481294,Aceto Reduccion Cocinero Pet 500 Ml,5561.25,25%Dto,2026-10-10,7415.00,7790070231260
COTO,136769,Aceto Balsamico Favinco Bot 500 Cmq,4595.00,,2026-10-10,4595.00,7790139002121
COTO,529001,Jugo De Limon Menoyo Bot 500 Ml,2832.00,,2026-10-10,2832.00,7790130000225
COTO,515898,Lomos De Atún En Aceite Bajo En Sodio Gomes Da Costa Lat 170 Grm,4300.00,,2026-10-10,4300.00,7891167831155
COTO,70700,Atun En Aceite CIUDAD DEL LAGO En Trozos Lata 170 Gr,3049.00,,2026-10-10,3049.00,2800000707002
COTO,120392,Sal Gruesa DOS ANCLAS 1kg,2063.25,25%Dto,2026-10-10,2751.00,7792900613017
COTO,5934,Vinagre De Vino MENOYO Pet 500 CC,2133.00,,2026-10-10,2133.00,7790130000065
COTO,210065,Aceto Reduccion Casalta Bot 400 Cmq,8699.00,,2026-10-10,8699.00,7790139003418
COTO,59477,Vinagre Manzana COTO Pet 1 Ltr,2794.50,25%Dto,2026-10-10,3726.00,7990000594773
COTO,210098,Vinagre De Manzana CASALTA 1000 Cmq,3865.00,,2026-10-10,3865.00,7790139003265
COTO,633344,Vinagre de alcohol Favinco Concentrado 1 Litro,3951.00,,2026-10-10,3951.00,7790139102456
COTO,531117,Sal Con Ajo Dos Anclas Sal 200 Grm,4464.75,25%Dto,2026-10-10,5953.00,7792900990651
COTO,497603,Aceto Balsamico Reduccion Limon MENOYO 250 Ml,5058.00,,2026-10-10,5058.00,7790130002359
COTO,587854,Sal Marina Fina GELLSINGH 500g,3993.00,,2026-10-10,3993.00,7794371000013
COTO,172850,Aceite Canola Virgen KROL Botella 250 Ml,7611.00,,2026-10-10,7611.00,7798127480029
COTO,524248,Aceto Balsámico Levemente Reduzida Morixe Bot 250 Ml,3400.00,,2026-10-10,3400.00,7790199603818
COTO,464596,Aceite Oliva Virgen Extra CASALTA Suave Botella 250 Ml,13043.00,,2026-10-10,13043.00,7790139004811
COTO,230679,Aceite Mezcla Canola Y Oliva KROL Botella 250 Ml,8295.00,,2026-10-10,8295.00,7798127480203
COTO,500951,Aceite Canola Y Cebolla KROL Bot 250 Ml,8422.00,,2026-10-10,8422.00,7798127480463
COTO,500949,Aceite Canola Y Albahaca KROL Bot 250 Ml,8422.00,,2026-10-10,8422.00,7798127480487
COTO,540703,Aceite Oliva Extra Virgen Coto 250ml,10699.00,,2026-10-10,10699.00,2800005407037
COTO,76490,Sal Fina En Saler Celusal Sal 100 Grm,2400.00,,2026-10-10,2400.00,77900661
COTO,532603,Aceite Oliva Extra Virgen Coto 500ml,15199.00,,2026-10-10,15199.00,2800005326031
COTO,594564,Aceite De Oliva Extra Virgen Clásico Rastrilla 500ml,20500.00,,2026-10-10,20500.00,763571765111
COTO,570406,Aceite Oliva Virgen Extra Picual Zuccardi 250ml,15499.00,,2026-10-10,15499.00,7791728246575
COTO,210325,Aceite Oliva Extra Virgen Filippo Ber Bot 500 Cmq,44990.00,,2026-10-10,44990.00,8002210500204
COTO,168886,Vinagre Alcohol DOS ANCLAS Pet 1 Ltr,1946.00,,2026-10-10,1946.00,7792900093246
COTO,297780,Aceite Oliva Extra Virgen Intenso Casalta 400 Ml,20023.00,,2026-10-10,20023.00,7790139004583
COTO,135311,Vinagre Manzana DOS ANCLAS Pet 500 Cmq,2769.00,,2026-10-10,2769.00,7792900093000
COTO,123792,Sardinas Gomes da Costa en su Propio Jugo con Aceite Vegetal Sabor Limón 125g,2420.00,,2026-10-10,2420.00,7891167831391
COTO,203426,Aceite Oliva Extra Virgen Ybarra Ybarra Bot 250 Ml Botella 250 Ml,31434.00,,2026-10-10,31434.00,48327203537
COTO,297778,Aceite Oliva Extra Virgen Medio Casalta Bot 400 Ml,20023.00,,2026-10-10,20023.00,7790139004576
COTO,297598,Aceite Oliva Virgen Extra CAÑUELAS Intenso Lata 500 Ml,17161.00,,2026-10-10,17161.00,7792180005212
COTO,545331,Aceite Oliva Extra Virgen Castell 500 Ml,17237.00,,2026-10-10,17237.00,7791675908717
COTO,513717,Aceite Oliva Extra Virgen Morixe 500ml,15299.00,,2026-10-10,15299.00,7790199604174
COTO,594866,Aceit/Ving Cuadrado 500cc Col/Sur Plast,3999.00,,2026-10-10,3999.00,7797232098907
COTO,257648,Jugo De Limon Minerva Pet 1 Ltr,6680.00,,2026-10-10,6680.00,7790070507358
COTO,172205,Aceite Oliva DE CECCO Extra Virgen Bot 500 Ml,41900.00,,2026-10-10,41900.00,8001250220028
COTO,485927,Aceite Oliva Virgen Extra Ciudad Del Lago Botella 250 Ml,9600.00,,2026-10-10,9600.00,2800004859271
COTO,616424,Sal Fina Light Dos Anclas 500g,3773.25,25%Dto,2026-10-10,5031.00,7792900990965
COTO,464599,Aceite Oliva Extra Virgen Medio Casalta Pet 250 Ml,13043.00,,2026-10-10,13043.00,7790139004828
COTO,633359,Vinagre de Alcohol Casalta Orgánico 1 Litro,3084.00,,2026-10-10,3084.00,7790139101671
COTO,604012,Aceite De Coco Neutro Entrenuts 360g,10199.00,,2026-10-10,10199.00,656750783931
COTO,540657,Aceite Oliva Extra Virgen Coto 500ml,17490.00,,2026-10-10,17490.00,2800005406573
COTO,600030,Sal Con Hierbas La Parmesana 250g,4309.00,,2026-10-10,4309.00,7798224210710
COTO,87547,Sal Entrefin . Celusal Paq 1 Kgm,2749.00,,2026-10-10,2749.00,7791004000051
COTO,480493,Aceite Oliva Extra Virgen Con Ají Picante LA TOSCANA 250ml,13799.00,,2026-10-10,13799.00,7798080520541
COTO,297779,Aceite Oliva Extra Virgen Suave Casalta Bot 400 Grm,20023.00,,2026-10-10,20023.00,7790139004569
COTO,616427,Sal Light Fina Dulkre 100g,2533.00,50%Dto,2026-10-10,5066.00,7790863000615
COTO,469197,Sal Light C/Especias DOS ANCLAS Sal 200 Gr,5526.75,25%Dto,2026-10-10,7369.00,7792900990101
COTO,497622,Alimento Untable A Aceites Vegeta Manty Pan 200 Grm,2760.00,,2026-10-10,2760.00,7791620187860
COTO,210108,Vinagre Manzana Casalta Bot 500 Cmq,2549.00,,2026-10-10,2549.00,7790139003258
COTO,7198,Vinagre Manzana MENOYO Pet 1 Ltr,4283.00,,2026-10-10,4283.00,7790130000089
COTO,217357,Aceto Balsámico DOS ANCLAS 250 CC,3385.00,,2026-10-10,3385.00,7792900000251
COTO,590219,Vinagre De Arroz Casalta 1l,3249.00,,2026-10-10,3249.00,7790139102074
COTO,473185,Aceite TOTAL Quartz 5000 15w-40 4 L,37574.25,25%Dto,2026-10-10,50099.00,7793921205977
COTO,120393,Sal Parrillera Entrefina DOS ANCLAS 1kg,2063.25,25%Dto,2026-10-10,2751.00,7792900990927
COTO,195700,Aceite Oliva Ext.Virg Filippo Ber Bot 250 Ml,22990.00,,2026-10-10,22990.00,8002210500105
COTO,11909,Sal Fina . Dos Ancla Sal 250 Grm,2316.75,25%Dto,2026-10-10,3089.00,7792900634227
COTO,59478,Vinagre Vino COTO 1l,2100.00,25%Dto,2026-10-10,2800.00,7990000594780
COTO,189718,Jugo Limon . Monte Alto Bot 500 Cmq,2433.00,,2026-10-10,2433.00,7790139003593
COTO,244938,Jugo De Limon Dos Anclas Pet 500 CC,3083.00,,2026-10-10,3083.00,7792900809021
COTO,123799,Atun En Aceite GOMES DA COSTA Lomitos Lata 170 Gr,4050.00,,2026-10-10,4050.00,7891167831117
COTO,590225,Aceto Balsámico Finas Hierbas Favinco 250ml,4869.00,,2026-10-10,4869.00,7790139102036
COTO,88714,Sal Gruesa . Celusal Est 1 Kgm,2896.00,,2026-10-10,2896.00,7791004000082
COTO,7304,Sardina En Aceite Pennisi 160g,4750.00,,2026-10-10,4750.00,7790202000320
COTO,210178,Vinagre Manzana Alcazar Bot 1000 Cmq,3362.00,,2026-10-10,3362.00,7790130000317
COTO,545653,Vinagre Sabor Mediterraneo Favinco 1 Ltr,2389.00,,2026-10-10,2389.00,7790139101572
COTO,299496,Sal Entrefin . DOS ANCLAS Sal 500 Gr,2790.00,25%Dto,2026-10-10,3720.00,7792900624020
COTO,587849,Sal Del Himalaya Fina Gellsingh Sal 110g,5324.00,,2026-10-10,5324.00,7798064190456
COTO,600031,Sal Merken Buffalo 300g,5294.00,,2026-10-10,5294.00,7798224213131
COTO,134316,Aceites De Dende Palm Cepera 200 Cmq,17740.00,,2026-10-10,17740.00,7896025800113
COTO,610280,Aceite Para Motores De 2 Tiempos Bardahl 100 Ml,2481.75,25%Dto,2026-10-10,3309.00,7790627701789
COTO,500580,Salsa Sabor Humo La Parmesana 180 Gr,2630.00,,2026-10-10,2630.00,7796373000503
COTO,600035,Sal Steak-Rub Buffalo 300g,5294.00,,2026-10-10,5294.00,7798224213179
COTO,582287,Salsa Agridulce Buffalo 245g,3256.00,,2026-10-10,3256.00,7798224211830
COTO,621613,Aceite para Auto Gulf Fórmula G 5W-40 4 L,79491.75,25%Dto,2026-10-10,105989.00,7798056302355
COTO,582450,Jabon Liquido PALMOLIVE Naturals Camelia Doypack 200ml,1781.64,35%Dto,2026-10-10,2740.99,7891024032886
COTO,621616,Aceite para Auto Gulf Max Ultra Plus 10W-40 1 L,17616.75,25%Dto,2026-10-10,23489.00,7798056303512
COTO,568122,Aceite Para Bebé Johnson'S Puro X 100 Ml.,4580.24,25%Dto,2026-10-10,6106.99,7790010002943
COTO,473195,Aceite TOTAL Quartz Ineo Mc3 5w-30 4 L,91821.75,25%Dto,2026-10-10,122429.00,7793921206035
COTO,265946,Aceite TOTAL Quartz 9000 5w-40 4 L,82986.75,25%Dto,2026-10-10,110649.00,7793921206004
COTO,298156,Aceite Genecelf Multig 20w50 4l Total,29766.75,25%Dto,2026-10-10,39689.00,7793921205960
COTO,612482,Aceite Lubricante Multiuso Match1 Tt-95 240 CC,4731.75,25%Dto,2026-10-10,6309.00,7780255117953
COTO,568121,Aceite Para Bebé Johnson'S Puro X 200 Ml.,6238.49,25%Dto,2026-10-10,8317.99,7790010002936
COTO,257646,Jugo De Limon Minerva Pet 500 CC,3600.00,,2026-10-10,3600.00,7790070507341
COTO,567779,Aceto Balsámico Tipo Reducción Casalta 500ml,9631.00,,2026-10-10,9631.00,7790139101640
COTO,11354,Sal Gruesa . Celusal Paq 1 Kgm,2749.00,,2026-10-10,2749.00,7791004000099
COTO,5935,Vinagre Manzana MENOYO Pet 500 Cmq,2625.00,,2026-10-10,2625.00,7790130000027
COTO,567777,Aceto Balsámico Clásico Casalta 500ml,6437.00,,2026-10-10,6437.00,7790139101763
COTO,11363,Sal Fina . Celusal Sal 500 Grm,4106.00,,2026-10-10,4106.00,7790072001038
COTO,258360,Aceto Balsámico COCINERO 500 Ml,4575.00,25%Dto,2026-10-10,6100.00,7790070228611
COTO,537464,Aceto Reducción Lira 500 Ml,6598.56,25%Dto,2026-10-10,8850.00,7790070231963
COTO,51732,Sal Fina En Saler Celusal Sal 250 Grm,3425.00,,2026-10-10,3425.00,77956262
COTO,539903,Aceto Reducción Lira 250 Ml,3669.12,25%Dto,2026-10-10,4900.00,7790070231956
COTO,540417,Aceto Balsámico Tipo Di Modena Lira 250 Ml,2879.03,25%Dto,2026-10-10,3850.00,7790070231949
COTO,531648,Aceto Balsámico Tipo Reducción CASALTA 250 Ml,5322.00,,2026-10-10,5322.00,7790139101466
COTO,272113,Aceto Balsámico Glazé Reducción CASALTA 250 CC,5322.00,,2026-10-10,5322.00,7790139004330
COTO,569750,Aceto Balsámico Oliovita 250ml,3960.00,,2026-10-10,3960.00,7798061191500
COTO,491719,Aceto Balsámico MONTERREY 250 CC,2448.76,25%Dto,2026-10-10,3272.00,7790130000744
COTO,580524,"Protector Labial Humectante NIVEA Essential Original Care Para Todo Tipo De Piel X 4,8 Grs",6914.99,,2026-10-10,6914.99,4006000005478
COTO,633357,Aceto Reducción Casalta Glazé Reducción Original 500ml,8895.00,,2026-10-10,8895.00,7790139101954
COTO,481462,Aceto 4 Pimientas CASALTA 250ml,5745.00,,2026-10-10,5745.00,7790139100186
COTO,291621,Aceto Reduccion Ahum Casalta Pet 250 Ml,5479.00,,2026-10-10,5479.00,7790139004521
COTO,481461,Aceto Espeso Favinco Pet 500 Ml,6720.00,,2026-10-10,6720.00,7790139004965
COTO,180449,Aceto Balsámico Glazé DE NIGRIS 225ml,9990.00,,2026-10-10,9990.00,8032754438848
COTO,210182,Aceto Balsámico CASALTA 400 CC,6639.00,,2026-10-10,6639.00,7790139003357
COTO,497573,Aceto Balsámico Reducción MENOYO 250 Ml,4888.00,,2026-10-10,4888.00,7790130002335
COTO,196110,Aceto Balsamico Filippo Ber Bot 250 Ml,12990.00,,2026-10-10,12990.00,8002210122499
COTO,481460,Aceto Espeso Favinco Pet 250 Ml,4289.00,,2026-10-10,4289.00,7790139004941
COTO,497587,Aceto Balsamico Reducción MENOYO 250 Ml,4607.00,,2026-10-10,4607.00,7790130002342
COTO,489738,Vinagre Balsámico De Módena DE NIGRIS 250ml,8999.00,,2026-10-10,8999.00,8295661043
COTO,633358,Aceto Balsámico Reducción Casalta Glazé Ahumado 500ml,8895.00,,2026-10-10,8895.00,7790139101947
COTO,466962,Aceto Balsámico Glazé CASALTA 250ml,5399.00,,2026-10-10,5399.00,7790139004606
COTO,8786,Aceto Balsamico Don Marcell Bot 500 Cmq,6999.00,,2026-10-10,6999.00,59659001012
COTO,201560,Aceto Balsámico MENOYO 500 CC,6432.00,,2026-10-10,6432.00,7790130003233
COTO,497596,Aceto Balsámico Reducción MENOYO 250 Ml,5185.00,,2026-10-10,5185.00,7790130002373
COTO,267753,Aceto Balsámico LA TOSCANA 250 Ml,5030.00,,2026-10-10,5030.00,7798080521272
COTO,497571,Aceto Balsámico Reducción MENOYO 250 Ml,5185.00,,2026-10-10,5185.00,7790130002366
COTO,210064,Aceto Balsámico Ahumado CASALTA 400 CC,6835.00,,2026-10-10,6835.00,7790139003364
COTO,580266,Aceto Reduccion Enrico Baronese 500cc,6130.00,,2026-10-10,6130.00,7798104821340
COTO,11364,Sal Para Parrilla Entrefina CELUSAL 1kg,2953.00,,2026-10-10,2953.00,7791004000044
COTO,590218,Aceto Balsámico Glaze Ají Picante Casalta 250ml,5870.00,,2026-10-10,5870.00,7790139101961
COTO,482734,Aceto Espeso Ahumado Favinco Bot 500 Ml,6719.00,,2026-10-10,6719.00,7790139004972
COTO,590215,Aceto Balsámico Espeso Mediterráneo Favinco 500ml,7999.00,,2026-10-10,7999.00,7790139102050
COTO,590217,Aceto Balsámico Espeso Mediterráneo Favinco 250ml,4999.00,,2026-10-10,4999.00,7790139102067
COTO,489746,Vinagre Balsámico DE NIGRIS Bot 500 Ml,10499.00,,2026-10-10,10499.00,8295661012
COTO,299499,Aceto Reducción Con Curry CASALTA 250ml,5759.00,,2026-10-10,5759.00,7790139004613
COTO,590216,Aceto Balsámico Finas Hierbas Favinco 500ml,7999.00,,2026-10-10,7999.00,7790139102043
COTO,137388,Aceto Balsámico ALTA VIA 250 CC,7239.00,,2026-10-10,7239.00,7792900092966
COTO,547011,Aceto Balsamico Di Modena Fini 500 Ml,10699.00,,2026-10-10,10699.00,8015352309956
COTO,580264,Aceto Manzana Enrico Baronese 500cc,5387.00,,2026-10-10,5387.00,7798104821890
COTO,198472,Aceto Balsámico MENOYO 250 CC,4108.00,,2026-10-10,4108.00,7790130003226
COTO,618927,Aceto Balsámico DOS ANCLAS Botella 500 Ml,5896.00,,2026-10-10,5896.00,7792900990972
COTO,7199,Vinagre De Vino MENOYO Pet 1 L,3296.00,,2026-10-10,3296.00,7790130000010
COTO,534750,Vinagre De Manzana Favinco 1 Ltr,3889.00,,2026-10-10,3889.00,7790139101176
COTO,88715,Sal Entrefin . Celusal Sal 1 Kgm,6327.00,,2026-10-10,6327.00,7791004000068
COTO,489737,Vinagre De Manzana Con Miel DE NIGRIS 500ml,7499.00,,2026-10-10,7499.00,8032754438497
COTO,512461,Sal Marina Fina Bajo En S Gell Singh Sal 240 Grm,3724.00,,2026-10-10,3724.00,7794371000204
COTO,580265,Aceto Modena Malbec Enrico Baronese 500cc,6100.00,,2026-10-10,6100.00,7798104821371
COTO,5115,Sal Gruesa CELUSAL 1 Kg,5311.00,,2026-10-10,5311.00,7791004000105
COTO,210106,Vinagre Vino Casalta Bot 500 Cmq,1917.00,,2026-10-10,1917.00,7790139003296
COTO,133965,Vinagre Alcohol Menoyo Bid 5 Ltr,10225.00,,2026-10-10,10225.00,7790130000102
COTO,633345,Vinagre de Manzana Casalta Orgánico 1 Litro,6923.00,,2026-10-10,6923.00,7790139101688
COTO,534761,Vinagre De Vino Favinco 1 Ltr,2949.00,,2026-10-10,2949.00,7790139101152
COTO,580258,Aceto Chardonnay Enrico Baronese 500cc,4979.00,,2026-10-10,4979.00,7798104821333
COTO,583937,Aceto Glaze Dos Anclas 290ml,4058.00,,2026-10-10,4058.00,7792900990880
COTO,4903,Sal Fina Dos Anclas Para Cocina Sal 500 Grm,2845.50,25%Dto,2026-10-10,3794.00,7792900634142
COTO,256703,Sal Marina . Indo Fra 100 Grm,7041.00,,2026-10-10,7041.00,7798053650268
COTO,210100,Vinagre De Vino CASALTA 1000 Cmq,3079.00,,2026-10-10,3079.00,7790139003302
COTO,177366,Sal Fina C/Hierro Celusal Est 500 Grm,2458.00,,2026-10-10,2458.00,7790072179652
COTO,545652,Vinagre Sabor Finas Hierbas Favinco 1 Ltr,2389.00,,2026-10-10,2389.00,7790139101565
COTO,169039,Vinagre Manzana DOS ANCLAS Pet 1 Ltr,4340.00,,2026-10-10,4340.00,7792900093260
COTO,115369,Sal Fina Modificada Clásica GENSER 300gr,6180.00,,2026-10-10,6180.00,7793433000497
COTO,580493,Vinagre De Cereal Arroz Kenko 750ml,8766.00,,2026-10-10,8766.00,7896007826476
COTO,466968,Sal Marina Fina GELL SINGH 110g,4791.00,,2026-10-10,4791.00,7794371000181
COTO,160131,Sal Light Fina Celusal Est 500 Grm,5749.00,,2026-10-10,5749.00,7790072179607
COTO,299503,Sal C/Especias CELUSAL Pet 230 Grm,6133.00,,2026-10-10,6133.00,7790072000147
COTO,299501,Sal C/Hierba Celusal Pet 230 Grm,6133.00,,2026-10-10,6133.00,7790072000130
COTO,546999,Aceto Balsamico Di Modena San Giorgio 250 Ml,11699.00,,2026-10-10,11699.00,7798040891643
COTO,262075,Sal Light Fina Celusal Pet 235 Grm,5801.00,,2026-10-10,5801.00,7790072000079
COTO,587851,Sal Marina Fina Gellsingh Sal 400g,5590.00,,2026-10-10,5590.00,7798064190012
COTO,505487,Vinagre Vino Blanco Menoyo Pet 500 Cmq,2133.00,,2026-10-10,2133.00,7790130000720
COTO,299502,Sal C/Hierbas Y Especias Celusal Pet 230 Grm,6133.00,,2026-10-10,6133.00,7790072000154
COTO,100222,Jugo De Limón MONTE ALTO 1 L,3349.00,,2026-10-10,3349.00,7790139003609
COTO,115371,Sal Mod/Sport Genser Sal 300 Grm,6935.00,,2026-10-10,6935.00,7793433000510
COTO,600036,Sal Paprika Buffalo 300g,5294.00,,2026-10-10,5294.00,7798224213186
COTO,170159,Vinagre Vino DOS ANCLAS Pet 1 Ltr,3218.00,,2026-10-10,3218.00,7792900093253
COTO,135309,Vinagre Vino DOS ANCLAS Pet 500 Cmq,2170.00,,2026-10-10,2170.00,7792900092980
COTO,120176,Sal Marina Drogheria Fra 90 Grm,16825.00,,2026-10-10,16825.00,80273639
COTO,616973,Sal Entrefina Doña Sal 1kg,1642.00,,2026-10-10,1642.00,7792104000170
COTO,8909,Sal Fina DOS ANCLAS 500gr,2845.50,25%Dto,2026-10-10,3794.00,7792900634135
COTO,464598,Sal Gruesa DOS ANCLAS 500gr,2509.50,25%Dto,2026-10-10,3346.00,7792900614021
COTO,115368,Sal Fina Modificada Clásica GENSER 90gr,3206.00,,2026-10-10,3206.00,7793433000480
COTO,13015,Sal C/Hierba Dos Ancla Sal 200 Grm,4216.50,25%Dto,2026-10-10,5355.00,7792900000053
COTO,5362,Sal Fina Light Dos Ancla Est 500 Grm,4192.50,25%Dto,2026-10-10,5590.00,7792900009124
COTO,250135,Sal Fina Modificada Dietética GENSER 90gr,6762.00,,2026-10-10,6762.00,7793433000558
COTO,128735,Sal Fina Modificada En Sodio Con Finas Hierbas GENSER 250gr,7235.00,,2026-10-10,7235.00,7793433000459
COTO,600034,Sal Ají Cayena Y Habanero Buffalo 300g,5294.00,,2026-10-10,5294.00,7798224213155
COTO,244940,Jugo De Limon Dos Anclas Pet 1 Lt,5383.00,,2026-10-10,5383.00,7792900809038
COTO,528958,Sal Marina La Drogheria 190 Grm,30442.00,,2026-10-10,30442.00,8004708048618
COTO,608734,Sal Entrefina Con Pimienta Negra Gavar 350g,7720.00,,2026-10-10,7720.00,7798430270034
COTO,616890,Sal Parrillera Gavar 320g,7181.00,,2026-10-10,7181.00,7798430270041
COTO,469212,Sal Light C/Hierbas DOS ANCLAS Sal 200 Gr,5526.75,25%Dto,2026-10-10,7369.00,7792900990095
COTO,587850,Sal Del Himalaya Fina Gellsingh Sal 400g,7986.00,,2026-10-10,7986.00,7798064190258
COTO,503766,Sal Fina Light Reducida En Sodio 100gr,2962.50,25%Dto,2026-10-10,3950.00,7792900654119
COTO,258623,Condimentos Humo Solido San Giorgio Fra 30 Grm,5669.00,,2026-10-10,5669.00,7798040891018
COTO,531115,Sal Con Curry Dos Anclas Sal 200 Grm,5040.75,25%Dto,2026-10-10,6721.00,7792900990668
COTO,608754,Sal Con Especias Completa Gavar 330g,7720.00,,2026-10-10,7720.00,7798430270065
COTO,469172,Sal Fina Light DOS ANCLAS 250gr,4744.50,25%Dto,2026-10-10,6326.00,7792900990088
COTO,600032,Sal Rib Rub Buffalo 300g,5294.00,,2026-10-10,5294.00,7798224213148
COTO,600029,Sal Con Mostaza Negra Y Ajo La Parmesana 250g,4309.00,,2026-10-10,4309.00,7798224210741
COTO,549896,Sal Diet Sin Sabor 50 Grm,5709.00,,2026-10-10,5709.00,7794371000112
COTO,549897,Sal Diet Sabor Ajo 50 Grm,5709.00,,2026-10-10,5709.00,7794371000020
COTO,548380,Jugo De Limón Chef Citric 500 Ml,2429.00,,2026-10-10,2429.00,7798085681582
COTO,600033,Sal Rib Rub Picante Buffalo 300g,5294.00,,2026-10-10,5294.00,7798224213162
COTO,624324,Sal Saborizada Locos X el Asado Pimienta Ajo y Limón 150g,6567.00,,2026-10-10,6567.00,7798411850330
COTO,600027,Sal Con Mix De Especias La Parmesana 250g,4309.00,,2026-10-10,4309.00,7798224210734
COTO,624323,Sal 5 pimientas LOCOS X EL ASADO 150g,6567.00,,2026-10-10,6567.00,7798411850255
COTO,624321,Sal parrillera gourmet LOCOS X EL ASADO 150g,6567.00,,2026-10-10,6567.00,7798411850316
COTO,489063,Agua Aditivada. Aditivada 5l . . .,4596.75,25%Dto,2026-10-10,6129.00,7798125154724
COTO,624322,Sal patagonica LOCOS X EL ASADO 150g,6567.00,,2026-10-10,6567.00,7798411850323
COTO,258621,Condimento Ahumado San Giorgio 75 Grm,5817.00,,2026-10-10,5817.00,7798040890424
COTO,594512,Aceit Vinag Set Tokio Black 250 Ml,55199.00,,2026-10-10,55199.00,7799059073983
COTO,187987,Jabon Glicerina VERITAS Aceit Esen Bli 3 Un 120 Gr C/U,3154.15,3x2,2026-10-10,4730.99,7791520077254
COTO,242672,Aceite Quartz 9000 5w40 1l Total,27524.25,25%Dto,2026-10-10,36699.00,7793921208954
COTO,198031,Aceite 2t Para Motos 1ltr Bardahl,9321.75,25%Dto,2026-10-10,12429.00,7790627100445
COTO,198032,Aceite 2t Para Motos 200cc Bardahl,4409.25,25%Dto,2026-10-10,5879.00,77910424
COTO,561895,Hummus De Aceite De Oliva Kyros 230g,4599.00,,2026-10-10,4599.00,7798334803109
COTO,535414,Lomo De Atún En Aceite La Campagnola 170 Grm,6279.00,,2026-10-10,6279.00,7790580131357
COTO,198040,Aceite Motor 4t Para Motos 1ltr Bardahl,9674.25,25%Dto,2026-10-10,12899.00,7790627112271
COTO,595383,Filet De Anchoas En Aceite Tipo Calabresa COTO 60g,6290.00,,2026-10-10,6290.00,2800005953831
COTO,460748,Aceite P/Moto 4 Cruise 20w-50 1l ELF,8324.25,25%Dto,2026-10-10,11099.00,7793921206165
COTO,205956,Aceite P/Moto 4 Road 15w50 1l Elf,11909.25,25%Dto,2026-10-10,15879.00,7793921206172
COTO,195391,Aceite Total Quartz 7000 10w40 1l Total,16304.25,25%Dto,2026-10-10,21739.00,7793921205885
COTO,509797,Choritos En Aceite Y Ag Robinson Cr Lat 190 Grm,3794.05,35%Dto,2026-10-10,5837.00,2800020521602
COTO,473194,Aceite Quartz 5w30 1l Total,28859.25,25%Dto,2026-10-10,38479.00,7793921205922
COTO,227875,Filetes Atun En Aceite GOMES DA COSTA Oliva Caja 125 Gr,5949.00,,2026-10-10,5949.00,7891167831261
COTO,72068,Atun En Aceite GOMES DA COSTA Desmenuzado Lata 170 Gr,2129.00,,2026-10-10,2129.00,7891167831094
COTO,165181,Atun En Aceite GOMES DA COSTA Lata 110 Gr,2378.63,35%Dto,2026-10-10,3660.00,7891167831131
COTO,251967,Mejillones En Aceite GOMES DA COSTA Lata 190 Gr,3912.40,35%Dto,2026-10-10,6020.00,7891167022270
COTO,621614,Aceite para Auto Gulf Formula G 5W-40 1 L,19724.25,25%Dto,2026-10-10,26299.00,7798056302409
COTO,621611,Aceite para Auto Gulf Ultrasynth GDI 5W-30 4 L,82986.75,25%Dto,2026-10-10,110649.00,7798056303314
COTO,621617,Aceite para Auto Gulf Max Multigrade 15W-40 1 L,11729.25,25%Dto,2026-10-10,15639.00,7798056300160
COTO,610281,Aceite Mineral Bardahl Xtc 20w-50 4 L,39884.25,25%Dto,2026-10-10,53179.00,7790627702120
COTO,500011,Aditivo Aceite Anti Humo 428ml . . .,11218.35,35%Dto,2026-10-10,17259.00,71153170544
COTO,621612,Aceite para Auto Gulf Ultrasynth GDI 5W-30 1 L,24389.25,25%Dto,2026-10-10,32519.00,7798056303307
COTO,4453,Atun En Aceite La Campagnola Lat 300 Grm,9809.00,,2026-10-10,9809.00,7790580138769
COTO,214476,Atun Claro En Aceite De Oliva Y Agua Coto Lat 185 Grm,6065.85,,2026-10-10,6065.85,2800002144768
COTO,539898,Atún Desmenuzado En Aceite Y Agua del Mar 170g,3235.00,,2026-10-10,3235.00,7793360129940
COTO,610677,Aderezo Mayonesa Con Aceite De Oliva Tau 290g,3684.00,25%Dto,2026-10-10,4912.00,7798146139359
COTO,101000,Calamar En Aceite Marechiare 180g,4950.00,,2026-10-10,4950.00,7798003220152
COTO,230667,Atún Aleta Amarilla En Aceite Con Caldo Vegetal Coto Lata 185g,3883.00,,2026-10-10,3883.00,2800002306678
COTO,214477,Atun Claro En Aceite Y Agua Coto Lat 185 Grm,5513.00,,2026-10-10,5513.00,2800002144775
COTO,612751,Aromatizante de Ambientes Glade Aceites Naturales Naranjo y Orquídeas Repuesto 21ml,13403.99,,2026-10-10,13403.99,7790520031556
COTO,509795,Cholgas Con Aceite Y A Robinson Cr Lat 190 Grm,5058.95,35%Dto,2026-10-10,7783.00,84773612516
COTO,592058,Ensalada De Atún En Aceite La Campagnola 285g,6583.00,,2026-10-10,6583.00,7790580144654
COTO,592057,Ensalada De Atún En Aceite La Campagnola 285g,6583.00,,2026-10-10,6583.00,7790580144647
COTO,621615,Aceite para Auto Gulf Max Ultra Plus 10W-40 4 L,50999.25,25%Dto,2026-10-10,67999.00,7798056303529
COTO,621706,Aceite para Auto Gulf Max Multigrade 15W-40 4 L,38849.25,25%Dto,2026-10-10,51799.00,7798056300153
COTO,17837,Anchoita En Aceite X Kg,47999.20,20%Dto,2026-10-10,59999.00,2017837000002
COTO,198845,Caballa En Aceite Gomes Da Costa 380 Gr,6549.00,,2026-10-10,6549.00,7891167022195
COTO,616992,Salmon Trozos En Aceite Bahia 140g,9900.00,,2026-10-10,9900.00,7795933010013
COTO,621621,Aceite para Motos Gulf Pride 4T Plus 20W-50 1 L,9254.25,25%Dto,2026-10-10,12339.00,7798056305103
COTO,586908,Pechuga De Pollo En Trozos En Aceite Pennisi 170g,3750.00,,2026-10-10,3750.00,7790202057492
COTO,509794,Surt.Mariscos En Aceite Y Ag Robinson Cr Lat 190 Grm,5058.95,35%Dto,2026-10-10,7783.00,84773602197
COTO,610277,Aceite Para Motor Mineral BARDAHL Máxima Viscocidad 25w-60 4 L,39884.25,25%Dto,2026-10-10,53179.00,7790627701482
COTO,580034,Aceite Citronella Citroxan 1 L,17169.15,15%Dto,2026-10-10,20199.00,7794783000854
COTO,609465,Papas Fritas Aceite Oliva Sarriegui Paq 150 Grm,3520.00,60%Dto,2026-10-10,8799.99,8437000757023
COTO,572159,Aceite Protector Fps10 Villeneuve 190ml,13041.69,30%Dto,2026-10-10,18630.99,7793008018100
COTO,75685,Aditico Aceite No Smoke 400cc Bardahl,6899.25,25%Dto,2026-10-10,9199.00,7790627112103
COTO,613062,Aceite De Argán De Marruecos Ogx 100ml,23728.24,70% 2da,2026-10-10,36504.99,22796916167
COTO,531653,Baby Aceite Mineral 200ml Algabo,5971.99,,2026-10-10,5971.99,7791274001567
COTO,580033,Aceite Citronella Citroxan 500 CC,10624.15,15%Dto,2026-10-10,12499.00,7794783000847
COTO,621622,Aceite para Motos Gulf Pride 4T Plus 20W-50 800 Ml,7596.75,25%Dto,2026-10-10,10129.00,7798056304878
COTO,621619,Aceite para Auto Gulf Max Multigrade 20W-50 1 L,9899.25,25%Dto,2026-10-10,13199.00,7798056300207
COTO,621618,Aceite para Auto Gulf Max Multigrade 20W-50 4 L,38849.25,25%Dto,2026-10-10,51799.00,7798056300191
COTO,621620,Aceite para Auto Gulf Km Multi G 25W-60 4 L,36186.75,25%Dto,2026-10-10,48249.00,7798056300313
COTO,167822,Aditivo Aceite Xtc 500cc Bardahl,7491.75,25%Dto,2026-10-10,9989.00,7790627112127
COTO,467087,Loción Corporal NIVEA Coco Rápida Absorción Piel Normal A Seca X 400 Ml,11210.24,25%Dto,2026-10-10,14946.99,4005900399946
COTO,38486,Anchoita Boqueron En Aceite X Kg,44792.00,20%Dto,2026-10-10,55990.00,2003848600003
COTO,560520,Acondicionador DOVE Óleo Nutrición 400 Ml,7201.34,70% 2da,2026-10-10,11078.99,7791293047515
COTO,560524,Crema Corporal Hidratante NIVEA Milk Nutritiva 5 En 1 Para Piel Extra Seca X 400 Ml,9767.24,25%Dto,2026-10-10,13022.99,4005808319695
COTO,550946,Acondicionador SEDAL Hialurónico + Vitamina A 650 Ml,6664.44,70% 2da,2026-10-10,10252.99,7791293046440
COTO,550957,Shampoo SEDAL Hialurónico + Vitamina A 650 Ml,6664.44,70% 2da,2026-10-10,10252.99,7791293046389
COTO,229372,Refrigerante Glacelf Supra Red 1l Total,11399.25,25%Dto,2026-10-10,15199.00,7793921206110
COTO,269661,Limpia Injector Gas Oil 250grs Bardhal,8579.25,25%Dto,2026-10-10,11439.00,7790627001223
COTO,95144,Agua Aditivada Para Refrigeración De Auto 5l Match 1,4701.75,25%Dto,2026-10-10,6269.00,7798025510828
COTO,206206,Refrigerante Glacelf X 1 Lt . . .,8091.75,25%Dto,2026-10-10,10789.00,7793921206080
COTO,487677,Refrig Anticong Concentrado 1 Lt-Amarillo,13244.25,25%Dto,2026-10-10,17659.00,7790627701529
COTO,195360,Aditivo Optimizador Gasoil 500cc Bardahl,5099.25,25%Dto,2026-10-10,6799.00,7790627001322
COTO,467670,Aceite Bronceador Fps 4 Hawaiian Tropic 240ml,24769.49,25%Dto,2026-10-10,33025.99,75486030568
COTO,229984,Agua Desmineralizada 4ltrs C/ Inhib. Corrosivo Bardahl,14736.75,25%Dto,2026-10-10,19649.00,7790627000134
COTO,487674,Refrig Anticong Listo P/Usar- 1 Lt- Verde,8646.75,25%Dto,2026-10-10,11529.00,7790627701536
COTO,75688,Limpieza Efecto Shock Nafta Inyector 250cc Bardahl,8249.25,25%Dto,2026-10-10,10999.00,7790627001247
COTO,487673,Refrig Anticong Concentrado 1 Lt-Rojo,13776.75,25%Dto,2026-10-10,18369.00,7790627701512
COTO,41665,Aditivo Gasoil Optimizador 250cc Bardahl,4274.25,25%Dto,2026-10-10,5699.00,7790627001315
COTO,487675,Refrig Anticong Listo P/Usar 1 Lt-Amarillo,8646.75,25%Dto,2026-10-10,11529.00,7790627701543
COTO,488066,Refrig Anticong Verde BARDAHL . . .,13244.25,25%Dto,2026-10-10,17659.00,7790627701505
COTO,560531,Shampoo SEDAL Crema Balance Toque De Seda 650 Ml,6664.44,70% 2da,2026-10-10,10252.99,7791293045801
COTO,493709,HEAD & SHOULDERS Hidratación Aceite De Coco Acondicionador Control Caspa 300 Ml,8271.89,70% 2da,2026-10-10,12725.99,7500435147583
COTO,48310,Aditivo Gasoil Top Diesel 110cc Bardahl,2969.25,25%Dto,2026-10-10,3959.00,7790627001308
COTO,487711,Refrig Anticong Listo P/Usar 1 Lt-Rojo . . .,8646.75,25%Dto,2026-10-10,11529.00,7790627701550
COTO,566241,HEAD & SHOULDERS Revitalización Y Suavidad Aceite De Argán Dermo - Acondicionador 300 Ml,7121.39,70% 2da,2026-10-10,10955.99,7500435202732
COTO,477899,Acondicionador Baby Dove Humectación Enriquecida 200 Ml,5259.14,70% 2da,2026-10-10,8090.99,7891150036390
COTO,561709,OGX Argan Oil Of Morocco Shampoo 385ml,20084.35,70% 2da,2026-10-10,30899.00,22796916112
COTO,573459,Desodorante Antitranspirante NIVEA Men Derma Control Sensitive En Aerosol X 150 Ml,3942.74,25%Dto,2026-10-10,5256.99,7791969029807
COTO,458122,HAWAIIAN TROPIC Aceite En Gel Protector Solar Fps 15 240ml,27923.99,25%Dto,2026-10-10,37231.99,75486143510
COTO,543657,Crema de manos NIVEA Cuidado Intensivo para piel seca x 100 ml,6802.99,,2026-10-10,6802.99,42429142
COTO,560525,Crema Corporal Hidratante NIVEA Milk Nutritiva 5 En 1 Para Piel Extra Seca X 250 Ml,7181.99,25%Dto,2026-10-10,9575.99,4005808315093
COTO,559727,Shampoo H&S Limpieza Y Revitalización 375 Ml,8990.14,70% 2da,2026-10-10,13830.99,7500435202695
COTO,561708,OGX Coconut Milk Anti-Brkg Serum 118ml,23728.24,70% 2da,2026-10-10,36504.99,22796910080
COTO,558740,Shampoo SEDAL Hialurónico + Vitamina A 340 Ml,4150.89,70% 2da,2026-10-10,6385.99,7791293046372
COTO,558710,Acondicionador SEDAL Hialurónico + Vitamina A 340 Ml,4150.89,70% 2da,2026-10-10,6385.99,7791293046433
COTO,560529,Shampoo SEDAL Ceramidas Botella 340 Ml,4149.59,70% 2da,2026-10-10,6383.99,7791293045733
COTO,467083,Loción Corporal NIVEA Cereza Y Aceite De Jojoba Para Piel Normal A Seca X 400 Ml,11210.24,25%Dto,2026-10-10,14946.99,4005900399953
COTO,584343,Mascarilla PANTENE Hidratación 270 Ml,7567.29,70% 2da,2026-10-10,11641.99,7500435243681
COTO,490450,OGX Brazilian Keratin Shampoo 385ml,20084.35,70% 2da,2026-10-10,30899.00,22796916013
COTO,559722,HEAD & SHOULDERS Limpieza Y Revitalización Shampoo Control Caspa 180 Ml,5354.69,70% 2da,2026-10-10,8237.99,7500435202671
COTO,523359,Crema Antiedad NEUTROGENA Bright Boost Fps 30 X 40 Gr,26556.00,,2026-10-10,26556.00,7891010249878
COTO,271965,Máquina De Afeitar Con Aceites Botánicos Venus Breeze 1 Un,33899.99,,2026-10-10,33899.99,7506339315479
COTO,584341,Acondicionador PANTENE Nutrición 170 Ml,6756.09,70% 2da,2026-10-10,10393.99,7500435243698
COTO,44597,Crema Hidratante Intensiva NIVEA Soft Para Uso Diario X 100 Ml,6777.99,,2026-10-10,6777.99,4005808890590
COTO,113869,Crema hidratante intensiva NIVEA Soft para uso diario x 200 ml,10519.99,,2026-10-10,10519.99,4005808515592
COTO,481582,Queso En Aceite Reserva El Pastor Paq 200 Grm,17999.00,,2026-10-10,17999.00,8413376038560
COTO,543680,Crema de manos antiarrugas NIVEA Q10 x 100 ml,6802.99,,2026-10-10,6802.99,4005900717238
COTO,580523,"Protector Labial Humectante NIVEA Med Repair Fps 20 Para Todo Tipo De Piel X 4,8 Gr",6914.99,,2026-10-10,6914.99,4006000005485
COTO,569803,Aromatizante Ambiental GLADE Vainilla Aceite Natural 21ml,13464.99,,2026-10-10,13464.99,7790520999535
COTO,570456,Aromatizante De Ambientes GLADE Aceites Naturales Vainilla Repuesto X2 21ml,21530.99,,2026-10-10,21530.99,7790520999573
COTO,569870,Aromatizante De Ambientes GLADE Aceites Naturales Harmony Repuesto 21ml,13464.99,,2026-10-10,13464.99,7790520999511
COTO,569801,Aromatizante De Ambientes GLADE Aceites Naturales Vainilla O Tropical Foral O Harmony Aparato + Repuesto 21ml,22307.99,,2026-10-10,22307.99,7790520999498
COTO,569798,Aromatizante De Ambientes GLADE Aceites Naturales Flores Tropicales Y Coco Repuesto 21ml,13464.99,,2026-10-10,13464.99,7790520999528
COTO,569802,Aromatizante De Ambientes GLADE Aceites Naturales Limón Refrescante Repuesto 21ml,13464.99,,2026-10-10,13464.99,7790520999559
COTO,586866,Aromatizante Ambiental GLADE Coco Vibes Aceite Natural Pack X2 21ml,21530.99,,2026-10-10,21530.99,7790520029560
COTO,561454,Arroz Parboil Gallo Oro 1kg,1937.00,35%Dto,2026-10-10,2980.00,7790070431417
COTO,2270,Arroz Largo Fino MOLINOS ALA Paquete 1 Kg,1950.00,,2026-10-10,1950.00,7791120031557
COTO,514014,Arroz Largo Fino Dos Hnos. Paq 1 Kgm,1899.00,,2026-10-10,1899.00,7790503199082
COTO,571989,Arroz Largo Fino LUCCHETTI 1kg,2135.00,,2026-10-10,2135.00,7790070431486
COTO,575430,Arroz Doble Carolina Gallo 500g,1446.25,35%Dto,2026-10-10,2225.00,7790070431431
COTO,114922,Arroz Lf 00000 Vanguardia Bol 1 Kg,1599.00,,2026-10-10,1599.00,7798078450126
COTO,568491,Arroz Doble Carolin Selección Gallo 1kg,2954.25,35%Dto,2026-10-10,4545.00,7790070431578
COTO,514013,Arroz Parboil Dos Hnos. Paq 1 Kgm,2132.00,,2026-10-10,2132.00,7790503199099
COTO,561452,Arroz Largo Fino Gallo 1 Kg,1703.00,35%Dto,2026-10-10,2620.00,7790070431448
COTO,571983,Arroz Parboil LUCCHETTI 1kg,2490.00,,2026-10-10,2490.00,7790070431509
COTO,577884,Arroz Parboil Seleccion Gallo Oro 1kg,2398.76,35%Dto,2026-10-10,3730.00,7790070433091
COTO,577887,Arroz Integral Seleccion Gallo 500g,1033.50,35%Dto,2026-10-10,1590.00,7790070433152
COTO,577885,Arroz Parboil Seleccion Gallo Oro 500g,1020.50,35%Dto,2026-10-10,1570.00,7790070433114
COTO,571990,Arroz Largo Fino LUCCHETTI 500g,1150.00,,2026-10-10,1150.00,7790070431493
COTO,264918,Arroz Carnaroli Mediano Carolina GALLO Para Risotto Paquete 500 Gr,2340.00,35%Dto,2026-10-10,3600.00,7790070411792
COTO,605124,Arroz Largo Fino Vanguardia 500g,949.00,,2026-10-10,949.00,7798078450393
COTO,516625,Arroz Largo Fino Dos Hnos Paq 500 Grm,999.00,,2026-10-10,999.00,7790503199129
COTO,632181,Arroz Don Marcos Parboil 500g,858.94,25%Dto,2026-10-10,1150.00,7790847060833
COTO,577883,Arroz Largo Fino Seleccion Gallo 500g,897.00,35%Dto,2026-10-10,1380.00,7790070433145
COTO,516623,Arroz Parboil No Se Pasa Dos Hnos Paq 500 Grm,1082.00,,2026-10-10,1082.00,7790503199136
COTO,29048,Arroz Largo Fino MOLINOS ALA Paquete 500 Gr,1140.00,,2026-10-10,1140.00,7791120031564
COTO,475830,Arroz Yamaní GALLO Integral Caja 500 Gr,2340.00,35%Dto,2026-10-10,3600.00,7790070411914
COTO,29053,Arroz Doble Molinos Ala Paq 500 Grm,2020.00,,2026-10-10,2020.00,7791120021565
COTO,8740,Arroz 00000 Ala Dorado 1kg,2290.00,,2026-10-10,2290.00,7791120037559
COTO,575428,Arroz Preparado Sabor Queso Gallo 240g,2145.00,35%Dto,2026-10-10,3300.00,7790070432261
COTO,521373,Arroz Doble Carolina Dos Hnos Paq 1 Kg,3420.00,,2026-10-10,3420.00,7790503199112
COTO,571997,Arroz Parboil LUCCHETTI 500g,1315.00,,2026-10-10,1315.00,7790070431516
COTO,57025,Arroz Doble Ala Blanco Paq 1 Kgm,3530.00,,2026-10-10,3530.00,7791120021558
COTO,575429,Arroz Preparado Mix De Vegetales Gallo 240g,2145.00,35%Dto,2026-10-10,3300.00,7790070432254
COTO,571982,Arroz Doble Carolina Grande Y Cremoso Lucchetti 1kg,3585.00,,2026-10-10,3585.00,7790070431462
COTO,521374,Arroz Integral Dos Hermanos Paq 1 Kgm,1929.00,,2026-10-10,1929.00,7790503199105
COTO,568490,Arroz Integral Selección Gallo 1kg,2593.50,35%Dto,2026-10-10,3990.00,7790070431585
COTO,288062,Arroz Koshihikari DOS HERMANOS Sushi Rice Paquete 500 Gr,3419.00,,2026-10-10,3419.00,7790503198672
COTO,132645,Arroz Largo Fino CIUDAD DEL LAGO Paquete 1 Kg,1906.00,,2026-10-10,1906.00,2800001326455
COTO,575432,Arroz Preparado Sabor Verdeo Gallo 240g,2145.00,35%Dto,2026-10-10,3300.00,7790070432278
COTO,29055,Arroz Integral MOLINOS ALA 500g,1410.00,,2026-10-10,1410.00,7791120098895
COTO,572956,Risotto Pronto 4 Queso Gallo 240g,2925.00,35%Dto,2026-10-10,4500.00,7790070431721
COTO,29057,Arroz Lf 00000 Ala Dorado Paq 500 Grm,1300.00,,2026-10-10,1300.00,7791120037566
COTO,215862,Arroz Integral MOLINOS ALA 1kg,2450.00,,2026-10-10,2450.00,7791120098888
COTO,614812,Arroz Parboil Don Marcos 1kg,2200.00,,2026-10-10,2200.00,7790847060543
COTO,272660,Arroz Largo Fino 00000 Don Marcos Bsa 1 Kgm,2086.00,,2026-10-10,2086.00,7790847060567
COTO,616420,Arroz Blanco Largo Fino Don Marcos 500g,1164.00,,2026-10-10,1164.00,7790847060574
COTO,571993,Arroz Integral Con Fibra Lucchetti 1kg,2499.00,,2026-10-10,2499.00,7790070431479
COTO,171605,Lentejas COTO Bolsa 400 Gr,1288.95,35%Dto,2026-10-10,1983.00,2800001716058
COTO,299515,Arroz Doble Carolina Don Marcos Paq 1 Kgm,2800.00,,2026-10-10,2800.00,7790847060581
COTO,114921,Arroz Integral Vanguardia Paq 1 Kgm,1799.00,,2026-10-10,1799.00,7798078450041
COTO,114924,Arroz Parboil Vanguardia Paq 1 Kgm,1999.00,,2026-10-10,1999.00,7798078450140
COTO,613038,Arroz Doble Vanguardia 500g,1690.00,,2026-10-10,1690.00,7798078450287
COTO,250117,Arroz Carnaroli Mediano DOS HERMANOS Caja 500 Gr,3750.00,,2026-10-10,3750.00,7790503000081
COTO,545440,Arroz Parboil Coto 1kg,2343.00,,2026-10-10,2343.00,2800005454406
COTO,619699,Arroz largo fino orgánico DOS HERMANOS 500g,2690.00,,2026-10-10,2690.00,7790503460137
COTO,284903,Palitos De Arroz Dos Hermanos Queso Bsa 80 Grm,1719.99,,2026-10-10,1719.99,7790503000272
COTO,576353,Arroz Varietal Corto Molinos Ala 1 Kg,2460.00,,2026-10-10,2460.00,7791120103148
COTO,613040,Arroz Integral Vanguardia 500g,1049.00,,2026-10-10,1049.00,7798078450263
COTO,572953,Risotto Pronto A La Española Gallo 240g,2925.00,35%Dto,2026-10-10,4500.00,7790070431738
COTO,514422,Arroz Integral Terrasana Bsa 500 Grm,4499.00,,2026-10-10,4499.00,7798154950854
COTO,114923,Arroz Doble Vanguardia 1 Kg,2899.00,,2026-10-10,2899.00,7798078450096
COTO,627814,Snacks de arroz sabor cebolla caramelizada DOS HERMANOS 80g,1949.00,,2026-10-10,1949.00,7790503460182
COTO,299514,Arroz Integral Don Marcos Paq 1 Kgm,2326.00,,2026-10-10,2326.00,7790847060529
COTO,603704,Garbanzos La Española 400 Gr,849.50,2x1,2026-10-10,1699.00,7798066030873
COTO,572955,Risotto Trattoria Sabor Champiñones Gallo 240g,2925.00,35%Dto,2026-10-10,4500.00,7790070431523
COTO,502566,Arroz Carnaroli San Giorgio 500 Grm,16971.00,,2026-10-10,16971.00,7798040891452
COTO,124524,Barras Arroz Crocante Egran Fwp 60 Grm,1369.99,,2026-10-10,1369.99,7791476005912
COTO,605505,Tostadas De Arroz Clásicas Risky Dit 150g,1706.24,35%Dto,2026-10-10,2624.99,76625212074
COTO,295707,Maiz COTO Pisingallo Bolsa 400 Gr,780.00,35%Dto,2026-10-10,1200.00,2800002957078
COTO,473159,Gall.Arroz Extra Fina C/S Dos Hnos. Paq 100 Grm,1546.00,,2026-10-10,1546.00,7790503198696
COTO,572952,Risotto Pronto Primavera Gallo 240g,2925.00,35%Dto,2026-10-10,4500.00,7790070431745
COTO,525292,Arroz Arborio Terrasana Paq 500 Grm,7399.00,,2026-10-10,7399.00,7798154951387
COTO,295704,Lentejon COTO Bolsa 400 Gr,1440.40,35%Dto,2026-10-10,2216.00,2800002957047
COTO,613053,Barra De Arroz Con Semillas Crowie Chocolate 12g,600.00,,2026-10-10,600.00,7798228640018
COTO,613060,Barritas De Arroz Con Semillas Crowie Frutilla 12g,600.00,,2026-10-10,600.00,7798228640032
COTO,473158,Galletitas de Arroz extra finas dulces Dos Hermanos 100g,1386.00,,2026-10-10,1386.00,7790503198702
COTO,268133,Tostadas Tía Maruca De Arroz 120g,1500.00,,2026-10-10,1500.00,7798082743726
COTO,577551,Tostadas De Arroz Clasicas Libres Riera 150g,3317.00,,2026-10-10,3317.00,7790071080218
COTO,27685,Lentejas ELIO Bolsa 400 Gr,1399.45,35%Dto,2026-10-10,2153.00,7798048720921
COTO,473157,Galletitas de Arroz extra fina sin sal Dos Hermanos 100g,1386.00,,2026-10-10,1386.00,7790503198689
COTO,288061,Yamani DOS HERMANOS 500g,2664.00,,2026-10-10,2664.00,7790503000265
COTO,606847,Snacks De Arroz Finas Hierbas Don Marcos 80g,1590.00,,2026-10-10,1590.00,7790847000242
COTO,603680,Lentejas La Española 400g,1235.00,35%Dto,2026-10-10,1900.00,7798066030682
COTO,605491,Galletas De Arroz Integral Con Semillas Risky Dit 100g,1399.44,35%Dto,2026-10-10,2152.99,76625211992
COTO,296843,Tostaditas De Arroz Con Sal DOS HERMANOS 120g,1459.00,,2026-10-10,1459.00,7790503000333
COTO,627838,Tostadas de arroz clásicas DOS HERMANOS 140g,2565.00,,2026-10-10,2565.00,7790503460199
COTO,512924,Carnaroli . Molinos Ala Est 500 Grm,3110.00,,2026-10-10,3110.00,7791120099755
COTO,525146,Condimento P/Arroz Alicante Sob 25 Grm,737.40,40%Dto,2026-10-10,1229.00,7790150470350
COTO,563146,Galletas De Arroz CEREALITAS 160g,3590.00,,2026-10-10,3590.00,7622201753061
COTO,191069,Galletas De Arroz MACROBIOTICA Con Sal Paq 102 Grm,1855.00,,2026-10-10,1855.00,7790538010321
COTO,605502,Galletas De Arroz Integral Con Sal Risky Dit,1467.69,35%Dto,2026-10-10,2257.99,76625212029
COTO,296739,Tostadas Arroz Dos Hnos. Bsa 120 Grm,1459.00,,2026-10-10,1459.00,7790503000326
COTO,594625,Tostadas De Arroz Clásicas Paseo 120g,2330.00,,2026-10-10,2330.00,7792180141125
COTO,605503,Galleta De Arroz Sin Sal Risky Dit 100g,1467.69,35%Dto,2026-10-10,2257.99,76625212012
COTO,632204,Arvejas Secas Remojadas Canale Libre de Gluten 340g,999.00,,2026-10-10,999.00,7798132922460
COTO,182506,ARROCITAS Cerealko Paq 101 Grm,1908.00,,2026-10-10,1908.00,7790538009561
COTO,605499,Snack De Arroz Con Queso Risky Dit 50g,1397.49,35%Dto,2026-10-10,2149.99,76625233048
COTO,632811,Bizcochos Salados Snacks de Arroz 60g,2110.00,,2026-10-10,2110.00,7790070106117
COTO,560049,Arroz Con Leche Con Canela Tregar 180 Grm,2390.00,,2026-10-10,2390.00,7793913013474
COTO,632813,Bizcochos de arroz Snacks Dulces Crocantes y Horneados 60g,2110.00,,2026-10-10,2110.00,7790070106124
COTO,284902,Discos De Arroz Dos Hermanos Jamon Bsa 80 Grm,1800.00,,2026-10-10,1800.00,7790503000289
COTO,588898,Condimento Para Arroz La Parmesana 15g,454.80,40%Dto,2026-10-10,758.00,7798224212325
COTO,632812,Bizcochos de Arroz Snacks Dulces 150g,4560.00,,2026-10-10,4560.00,7790070105998
COTO,271371,Tostaditas Tia Maruca De Arroz S/Sal Bsa 120 Grm,1500.00,,2026-10-10,1500.00,7798082743849
COTO,633006,Snacks de Arroz Don Marcos Asado Horneados 80g,1560.00,,2026-10-10,1560.00,7790847060871
COTO,295706,Arvejas COTO Partidas Bolsa 400 Gr,824.85,35%Dto,2026-10-10,1269.00,2800002957061
COTO,78646,Maiz Pisingallo LA EGIPCIANA 400g,909.35,35%Dto,2026-10-10,1399.00,7790681000286
COTO,568163,Snack De Arroz Con Chocolate Vegetalex 60g,2846.99,,2026-10-10,2846.99,7790174001264
COTO,561333,Arroz Inflado Dulce Egran 80gr,999.00,,2026-10-10,999.00,7791476005097
COTO,542719,Condimento Para Arroz La Campagnola 23 Grm,806.40,40%Dto,2026-10-10,1344.00,7790580135980
COTO,632347,Quinoa Gallo Quinoa Fácil con Vegetales 240g,8000.00,,2026-10-10,8000.00,7790070105677
COTO,513635,Alfajor De Arroz Sabor Dulce De Leche 22 Gr,1200.06,3x2,2026-10-10,1800.00,7790070418203
COTO,475522,Tostaditas De Arro Dulces Dos Hnos. Paq 120 Grm,1512.00,,2026-10-10,1512.00,7790503000364
COTO,632814,Bizcochos Salados de arroz Snacks 150g,4560.00,,2026-10-10,4560.00,7790070106100
COTO,606845,Tostaditas De Arroz Clásicas Don Marcos 120g,1490.00,,2026-10-10,1490.00,7790847000044
COTO,613051,Barrita De Arroz Con Semillas Sabor Limón Crowie 12g,600.00,,2026-10-10,600.00,7798228640223
COTO,529761,Snacks Arroz Choco Mini Arrocitas Paq 53 Grm,2550.00,,2026-10-10,2550.00,7790538000537
COTO,607361,Snacks De Arroz Sabor Jamón Ahumado Don Marcos 80g,1590.00,,2026-10-10,1590.00,7790847000266
COTO,633347,Arroz con Mariscos Menú Box Chef Listo 250g,9700.00,,2026-10-10,9700.00,7792180146212
COTO,613061,Snacks De Arroz Sabor Crema Y Ciboulette Crowie 50g,1200.00,,2026-10-10,1200.00,7798228641046
COTO,224863,Mix Cereales Y Legumbres Elio 400g,1184.30,35%Dto,2026-10-10,1822.00,7798048720761
COTO,605501,Galletas De Arroz Dulce Risky Dit 100g,1467.69,35%Dto,2026-10-10,2257.99,76625212005
COTO,605497,Snack De Arroz Con Jamón Risky Dit 50g,1397.49,35%Dto,2026-10-10,2149.99,76625233031
COTO,191070,Galletas De Arroz Dulces MACROBIOTICA 102g,1855.00,,2026-10-10,1855.00,7790538009615
COTO,627323,Condimento para Arroz LA PARMESANA 50g,1099.00,,2026-10-10,1099.00,7798224214152
COTO,559690,Galletitas De Arroz Crackeadas Gallo 100 Grm,3500.00,,2026-10-10,3500.00,7790070418401
COTO,605500,Snack De Arroz Con Crema Y Ciboulette Risky Dit 50g,1397.49,35%Dto,2026-10-10,2149.99,724751091888
COTO,124527,Barras Arroz Crocante C/Man Egran Fwp 60 Grm,1369.99,,2026-10-10,1369.99,7791476005943
COTO,560061,Arroz Con Leche Clasico Tregar 180 Grm,2390.00,,2026-10-10,2390.00,7793913013450
COTO,607360,Snacks De Arroz Sabor Cheddar Don Marcos 80g,1590.00,,2026-10-10,1590.00,7790847000259
COTO,607362,Tostaditas De Arroz Multisemillas Don Marcos 120g,1590.00,,2026-10-10,1590.00,7790847060741
COTO,560067,Arroz Con Leche Con Dulce De Leche Tregar 180 Grm,2390.00,,2026-10-10,2390.00,7793913013467
COTO,605496,Tostadas De Arroz Clásicas Risky Dit 100g,1397.49,35%Dto,2026-10-10,2149.99,76625212043
COTO,624710,Tostadas de arroz crackers RIERA 100g,2250.00,,2026-10-10,2250.00,7790071110335
COTO,577552,Tostadas De Arroz Dulces Libres Riera 150g,3317.00,,2026-10-10,3317.00,7790071080317
COTO,181001,Arroz Con Leche TREGAR Light 180 Gr,2390.00,,2026-10-10,2390.00,7793913000504
COTO,513634,Alfajor D/Arroz Ddl X6 Chocoarroz Paq 132 Grm,6647.00,3x2,2026-10-10,9970.00,7790070418227
COTO,295705,Garbanzos COTO Bolsa 400 Gr,1234.35,35%Dto,2026-10-10,1899.00,2800002957054
COTO,632349,Quinoa Fácil con Champiñones Gallo 240g,8000.00,,2026-10-10,8000.00,7790070105660
COTO,568175,Snack De Arroz Y Quinoa Vegetalex 40g,1971.99,,2026-10-10,1971.99,7790174001240
COTO,592890,Tostadas De Arroz Sin Sal Paseo 120g,2319.00,,2026-10-10,2319.00,7792180141132
COTO,513644,Alfajor De Arroz Limón CHOCOARROZ X6 132g,6647.00,3x2,2026-10-10,9970.00,7790070418265
COTO,580888,Chocobar De Arroz X6 Unidades Gallo Snack 120g,6647.00,3x2,2026-10-10,9970.00,7790070431899
COTO,624531,Snacks de arroz Yogurt Frutilla MINI ARROCITAS 53g,2550.00,,2026-10-10,2550.00,7790538010352
COTO,627839,Tostadas de arroz sin sal DOS HERMANOS 140g,2565.00,,2026-10-10,2565.00,7790503460205
COTO,622904,Snacks de arroz sabor queso crema y cebolla LENNYS 150g,3681.00,,2026-10-10,3681.00,7794906040361
COTO,605495,Tostadas De Arroz Con Semillas Risky Dit 150g,1706.24,35%Dto,2026-10-10,2624.99,656750731338
COTO,582746,Oblea De Arroz Chocobar Gallo Snack 20g,1200.06,3x2,2026-10-10,1800.00,7790070431905
COTO,495881,Cereal De Arroz Nikitos Paq 80 Grm,899.00,,2026-10-10,899.00,7798052363169
COTO,182393,Arrocitas S/Sal Cerealko Paq 101 Grm,1908.00,,2026-10-10,1908.00,7790538009578
COTO,503902,Snack Arroz Jamon CROWIE Paq 50 Grm,1200.00,,2026-10-10,1200.00,7798228640407
COTO,548921,Condimento Para Arroz Dicomere 50 Grm,999.00,,2026-10-10,999.00,7793323002204
COTO,622905,Snacks de arroz sabor Zapallo LENNYS 150g,3681.00,,2026-10-10,3681.00,7794906040354
COTO,605506,Tostadas De Arroz Sin Sal Risky Dit 150g,1706.24,35%Dto,2026-10-10,2624.99,76625212067
COTO,503903,Snack Arroz Pizza CROWIE Paq 50 Grm,1200.00,,2026-10-10,1200.00,7798228640414
COTO,475168,Poroto Pallares COTO 500g,4603.30,35%Dto,2026-10-10,7082.00,2900004793480
COTO,605492,Galletas De Arroz Integral Sin Sal Con Semillas Risky Dit 100g,1399.44,35%Dto,2026-10-10,2152.99,76625211985
COTO,501494,Alfajor De Arroz Limón Vauquita Fwp 28 Grm,1266.73,3x2,2026-10-10,1900.00,7798138290600
COTO,633360,Arroz Menú Box Chef Con Verduras y Pollo Listo 250g,9700.00,,2026-10-10,9700.00,7792180146205
COTO,616447,Alim.A Base.D. Prot.Arv.Arroz DULKRE Pou 1 Kgm,34731.50,50%Dto,2026-10-10,69463.00,7790863009021
COTO,605490,Galletas De Arroz Integral Dulce Con Semillas Risky Dit 100g,1399.44,35%Dto,2026-10-10,2152.99,76625211978
COTO,507807,Barras Arroz Mani Y Miel Egran Cja 120 Grm,7000.00,,2026-10-10,7000.00,7791476007244
COTO,603684,Porotos Alubia La Española 500g,1917.50,35%Dto,2026-10-10,2950.00,7798066030774
COTO,569956,Harina De Arroz Integral Yamani Dicomere 450g,2464.15,15%Dto,2026-10-10,2899.00,7793323004901
COTO,577549,Tostadas De Arroz Sin Sal Riera 150g,3317.00,,2026-10-10,3317.00,7790071080416
COTO,635231,Risotto De Hongos MENU BOX 75g,2695.00,,2026-10-10,2695.00,7792180146953
COTO,262105,Maíz Pisingallo EGRAN 400g,909.35,35%Dto,2026-10-10,1399.00,7791476036114
COTO,606846,Snacks De Arroz Crema Con Ciboulette Don Marcos 80g,1590.00,,2026-10-10,1590.00,7790847060680
COTO,105880,Maíz Pisingallo Adenomar Bol 400 Grm,741.00,35%Dto,2026-10-10,1140.00,7790279000278
COTO,515722,Oblea De Arroz GALLO SNACK X6 Uni 120 Gr,6647.00,3x2,2026-10-10,9970.00,7790070417572
COTO,513645,Alfajor D/Arroz Marroc Chocoarroz Fwp 22 Grm,1200.06,3x2,2026-10-10,1800.00,7790070418326
COTO,262106,Lentejas Egran Super Rapidas Paq 400 Grm,1754.35,35%Dto,2026-10-10,2699.00,7791476034011
COTO,607359,Snacks De Arroz Sabor Papas Fritas Don Marcos 80g,1590.00,,2026-10-10,1590.00,7790847000235
COTO,503904,Snacks Arroz Queso CROWIE Paq 50 Grm,1200.00,,2026-10-10,1200.00,7798228640421
COTO,568164,Snack De Arroz Sabor Queso Vegetalex 40g,1971.99,,2026-10-10,1971.99,7790174001257
COTO,603686,Arvejas 400 Gr,839.50,2x1,2026-10-10,1679.00,7798066030866
COTO,513636,Alfajor D/Arroz Marroc X6 Chocoarroz Paq 132 Grm,6647.00,3x2,2026-10-10,9970.00,7790070418340
COTO,236060,Condimento Para Arroz SAZÓN Paquete 60 Gr,1312.50,25%Dto,2026-10-10,1750.00,7891132001705
COTO,605493,Tostadas De Arroz Con Semillas Risky Dit 100g,1399.44,35%Dto,2026-10-10,2152.99,76625212036
COTO,510416,Snacks De Arroz Sab S Dos Hnos. Paq 80 Grm,1869.99,,2026-10-10,1869.99,7790503199044
COTO,27686,Maiz ELIO Pisingallo Bolsa 400 Gr,1058.85,35%Dto,2026-10-10,1629.00,7798048720907
COTO,78645,Lentejas LA EGIPCIANA Bol 400 Gr,1558.87,35%Dto,2026-10-10,2399.00,7790681002037
COTO,603685,Maíz Pisingallo La Española 500g,909.35,35%Dto,2026-10-10,1399.00,7798066030903
COTO,124526,Barras Arroz Crocante C/Cho Egran Fwp 60 Grm,1363.00,,2026-10-10,1363.00,7791476005936
COTO,262114,Garbanzos EGRAN 400g,1364.35,35%Dto,2026-10-10,2099.00,7791476021011
COTO,78644,Lentejón LA EGIPCIANA Selección Superior 400g,2079.35,35%Dto,2026-10-10,3199.00,7790681000330
COTO,501493,Alfajor De Arroz Ddl Vauquita Fwp 28 Grm,1266.73,3x2,2026-10-10,1900.00,7798138290587
COTO,27688,Maiz Pisado Colorado Elio 400g,1127.75,35%Dto,2026-10-10,1735.00,7798048721706
COTO,170565,Arvejas Partidas Lonquimay 400g,865.80,35%Dto,2026-10-10,1332.00,7798048720839
COTO,505633,Alfajor De Arroz Sabor VAUQUITA Fwp 28 Grm,1266.73,3x2,2026-10-10,1900.00,7798138290778
COTO,127116,Garbanzos . La Egipcian Bsa 400 Grm,1559.35,35%Dto,2026-10-10,2399.00,7790681000347
COTO,532588,Sopas De La Abuela Arroz Con Pollo Alicante Sob 63 Grm,2099.00,,2026-10-10,2099.00,7790150441282
COTO,129774,Trigo ELIO Candeal Pelado Bolsa 400 Gr,2115.10,35%Dto,2026-10-10,3254.00,7798048720235
COTO,262109,Arvejas Secas Remojadas EGRAN 400 Gr.,1104.35,35%Dto,2026-10-10,1699.00,7791476009019
COTO,129771,Porotos ELIO Colorados Bolsa 500 Gr,2955.55,35%Dto,2026-10-10,4547.00,7798048720129
COTO,622877,Alfajor de arroz Extremo VAUQUITA 45g,1466.74,3x2,2026-10-10,2200.00,7798138291775
COTO,618931,Alfajor D/Arroz Sab.Pistacho Chocoarroz Paq 28 Grm,1560.08,3x2,2026-10-10,2340.00,7790070104410
COTO,618932,Alfajor D/Arroz Sab.Pistach.X6 Chocoarroz Paq 168 Grm,8620.43,3x2,2026-10-10,12930.00,7790070104403
COTO,585966,Alfajor De Arroz Sabor Chocolate Donn 78g,1645.42,3x2,2026-10-10,2468.00,7798033900512
COTO,502917,"Arroz Blanco, Grano Terrasana Bsa 500 Grm",4499.00,,2026-10-10,4499.00,7798154950861
COTO,262127,Lentejones EGRAN Sin Remojo Bolsa 400g,2144.35,35%Dto,2026-10-10,3299.00,7791476033014
COTO,618929,Alfajor D/Arroz Super Ddl Chocoarroz Paq 36 Grm,1560.08,3x2,2026-10-10,2340.00,7790070103192
COTO,245425,Condimento Para Arroz DOS ANCLAS Sobre 25 Gr,742.80,40%Dto,2026-10-10,1238.00,7792900705408
COTO,502596,Snacks Atun Con Arroz Dr. Zoo Fwp 40 Grm,1470.00,,2026-10-10,1470.00,7798182081667
COTO,502534,Arroz Basmati San Giorgio Paq 500 Grm,15891.00,,2026-10-10,15891.00,7798040891445
COTO,514423,Arroz Yamaní Terrasana Bsa 500 Grm,4699.00,,2026-10-10,4699.00,7798154950878
COTO,539090,Alfajor De Arroz Frutilla Con Vainilla Vauquita 28 Grm,1266.73,3x2,2026-10-10,1900.00,7798138290891
COTO,295838,Porotos Alubia COTO Bolsa 500 Gr,2388.75,35%Dto,2026-10-10,3675.00,2800002958389
COTO,15473,Porotos Manteca Ramoneda 500g,3242.20,35%Dto,2026-10-10,4988.00,7790279000056
COTO,170564,Lentejas LONQUIMAY Bolsa 400 Gr,1426.75,35%Dto,2026-10-10,2195.00,7798048720860
COTO,25027,Porotos ELIO Alubia Bolsa 500 Gr,2658.50,35%Dto,2026-10-10,4090.00,7798048720112
COTO,572368,Medallones Veggies Lentejas Y Arroz Yamaní Artico 200g,1617.85,35%Dto,2026-10-10,2489.00,7794058702575
COTO,561948,Arroz Yamani Primavera Mole 200g,3063.00,,2026-10-10,3063.00,7798334587047
COTO,7524,Lentejón RAMONEDA 500 Gr,2206.10,35%Dto,2026-10-10,3394.00,7790279000186
COTO,243392,"Alimento Adultos RAZA 15 Kg Pollo, Carne, Cereales Y Arroz",32869.00,,2026-10-10,32869.00,7791416065686
COTO,505627,Alfajor Blanco C/Ddl VAUQUITA Fwp 28 Grm,1266.73,3x2,2026-10-10,1900.00,7798138290839
COTO,226470,"Alimento Adultos RAZA 8 Kg Pollo, Carne, Cereales Y Arroz",18889.00,,2026-10-10,18889.00,7791416065679
COTO,633551,Alimento para perros Purina Dog Chow Sabor Carne en Filetes con Arroz 85g,1811.00,,2026-10-10,1811.00,7891000423271
COTO,606844,Tostaditas De Arroz Sin Sal Don Marcos 120g,1490.00,,2026-10-10,1490.00,7790847000051
COTO,226469,"Alimento Adultos RAZA 3 Kg Pollo, Carne, Cereales Y Arroz",7819.00,,2026-10-10,7819.00,7791416065662
COTO,632793,Tostadas de Arroz Riera 100% Integrales 150g,3316.00,,2026-10-10,3316.00,7790071080614
COTO,618113,Tostadas Arroz Dulce Risky Dit Paq 150 Grm,1706.24,35%Dto,2026-10-10,2624.99,76625212050
COTO,616997,Harina De Arroz Sturla 250g,2099.99,,2026-10-10,2099.99,7798125102398
COTO,543418,Harina De Arroz Dicomere 1 Kg,2899.00,,2026-10-10,2899.00,7793323004079
COTO,507808,"Barras Arroz Maní, Almendra Egran Cja 240 Grm",8299.99,,2026-10-10,8299.99,7791476007251
COTO,15474,Lentejas Adenomar Paq 400 Grm,1391.00,35%Dto,2026-10-10,2140.00,7790279001114
COTO,248861,Trigo Pelado-Candeal Egran Paq 500 Grm,1461.85,35%Dto,2026-10-10,2249.00,7791476080001
COTO,110363,Lentejas RAMONEDA Bsa 500 Grm,1949.35,35%Dto,2026-10-10,2999.00,7790279000025
COTO,262111,Porotos Egran Colorados Bsa 500 Grm,3899.35,35%Dto,2026-10-10,5999.00,7791476063004
COTO,262110,Porotos Negros EGRAN 500g,2209.35,35%Dto,2026-10-10,3399.00,7791476064001
COTO,55874,Lentejón Adenomar 400 Gr,1760.85,35%Dto,2026-10-10,2709.00,7790279001121
COTO,500975,Garbanzos RAMONEDA 500g,1805.70,35%Dto,2026-10-10,2778.00,7790279000032
COTO,262108,Maiz EGRAN Pelado Blanco 500g,1494.35,35%Dto,2026-10-10,2299.00,7791476039115
COTO,262112,Porotos Bolita EGRAN 500g,3054.35,35%Dto,2026-10-10,4699.00,7791476056006
COTO,282542,Porotos De Soja EGRAN 500g,1630.85,35%Dto,2026-10-10,2509.00,7791476059007
COTO,27687,Maiz Blanco ELIO Bolsa 400 Gr,1426.75,35%Dto,2026-10-10,2195.00,7798048720914
COTO,170567,Maiz Pisingallo LONQUIMAY Bolsa 400 Gr,979.55,35%Dto,2026-10-10,1507.00,7798048720822
COTO,213289,Maiz RAMONEDA Pisado Bolsa 500 Gr,1590.00,2x1,2026-10-10,3180.00,7790279000087
COTO,78643,Porotos Manteca LA EGIPCIANA 500g,3466.45,35%Dto,2026-10-10,5333.00,7790681000361
COTO,170566,Maiz Blanco LONQUIMAY Bolsa 400 Gr,1478.75,35%Dto,2026-10-10,2275.00,7798048720808
COTO,129775,Trigo Burgol ELIO 400g,2404.35,35%Dto,2026-10-10,3699.00,7798048720259
COTO,78647,Maiz Pisado Blanco LA EGIPCIANA Bolsa 400 Gr,2085.85,35%Dto,2026-10-10,3209.00,7790681000262
COTO,127115,Arvejas Partidas LA EGIPCIANA Bol 400 Gr,1227.85,35%Dto,2026-10-10,1889.00,7790681000316
COTO,25026,Porotos De Soja Elio Bol 500 Grm,1147.90,35%Dto,2026-10-10,1766.00,7798048720099
COTO,170745,Porotos Alubia LONQUIMAY Bolsa 500 Gr,2603.90,35%Dto,2026-10-10,4006.00,7798048720778
COTO,129770,Lentejon ELIO Bolsa 400 Gr,1885.00,35%Dto,2026-10-10,2900.00,7798048720938
COTO,25023,Arvejas ELIO Bolsa 400 Gr,1259.05,35%Dto,2026-10-10,1937.00,7798048720969
COTO,107861,Porotos Alubia LA EGIPCIANA Bolsa 500 Gr,2469.35,35%Dto,2026-10-10,3799.00,7790681000354
COTO,13599,Porotos Pallares Ramoneda 500g,4616.95,35%Dto,2026-10-10,7103.00,7790279000063
COTO,227582,Lentejas ELIO Rojas Bolsa 400 Gr,2437.50,35%Dto,2026-10-10,3750.00,7798048720372
COTO,476416,Soja COTO Bolsa 500 Gr,1095.25,35%Dto,2026-10-10,1685.00,2900004793510
COTO,475170,Porotos Negros COTO Bolsa 500 Gr,2456.35,35%Dto,2026-10-10,3779.00,2900004793503
COTO,585965,Alfajor De Arroz Limon Donn 78g,1645.42,3x2,2026-10-10,2468.00,7798033900536
COTO,564527,Arveja Amarilla Texturizada Dicomere 350g,1999.00,,2026-10-10,1999.00,7793323004994
COTO,632187,Lentejas Secas Remojadas Canale 340g,1460.00,,2026-10-10,1460.00,7798132922446
COTO,616444,Alimento A Base De Proteína De Arvejas Y Arroz Dulkre 500g,19689.50,50%Dto,2026-10-10,39379.00,7790863009458
COTO,288794,Garbanzos Secos Remojados Sabores Dfel Valle 340g,1099.00,,2026-10-10,1099.00,7798156760666
COTO,616445,Alim.A Base.D. Prot.Arv.Arroz Dulkre Pou 250 Grm,11137.00,50%Dto,2026-10-10,22274.00,7790863009489
COTO,585964,Alfajor De Arroz Marroc Donn 78g,1645.42,3x2,2026-10-10,2468.00,7798033900543
COTO,513642,Alfajor D/Arroz Blanco C/Ddl Chocoarroz Fwp 22 Grm,1200.06,3x2,2026-10-10,1800.00,7790070418289
COTO,242104,Arroz Con Leche TREGAR Chocolate 180 Gr,2390.00,,2026-10-10,2390.00,7793913001662
COTO,513633,Alfajor D/Arroz Blanco C/Ddl X Chocoarroz Paq 132 Grm,6647.00,3x2,2026-10-10,9970.00,7790070418302
COTO,618930,Alfajor D/Arroz Super Ddl X6 Chocoarroz Paq 216 Grm,8620.43,3x2,2026-10-10,12930.00,7790070103314
COTO,513643,Alfajor D/Arroz Limón Chocoarroz Fwp 22 Grm,1200.06,3x2,2026-10-10,1800.00,7790070418241
COTO,10723,Arroz Con Mejillon Coto X Kg,18619.30,30%Dto,2026-10-10,26599.00,2000000107233
COTO,44741,Arroz Con Calamar Coto X Kg,14209.30,30%Dto,2026-10-10,20299.00,2004474100004
COTO,6460,Arroz Con Pollo Rotiseria,8819.30,30%Dto,2026-10-10,12599.00,2006460000008
COTO,568962,Medallones Veggies Lentejas Y Arroz Yamaní 440g,4977.00,30%Dto,2026-10-10,7110.00,7790070036254
COTO,226472,"Alimento Adultos RAZA 1.5 Kg Pollo, Carne, Cereales Y Arroz",4119.00,,2026-10-10,4119.00,7791416065655
COTO,226468,"Alimento RAZA 1 Kg Carne, Pescado Y Arroz",4239.00,,2026-10-10,4239.00,7791416065990
COTO,236983,"Alimento RAZA 500 Gr Carne, Pescado Y Arroz",2289.00,,2026-10-10,2289.00,7791416065983
COTO,632713,Albóndigas Froodie Portuguesa y Arroz 350g,6863.35,35%Dto,2026-10-10,10559.00,763571700556
COTO,632589,Alimento para Perros High Pro Criadores Cordero con Arroz Adultos Medianos y Grandes 15Kg,55869.00,,2026-10-10,55869.00,7798088565285
COTO,493514,Cuchara Join Para Arroz 27cm Nylon Rojo,2499.00,,2026-10-10,2499.00,7896502871520
COTO,559705,Gel Exfoliante Facial Purificante NIVEA Para Todo Tipo De Piel X 75 Ml,8251.59,30%Dto,2026-10-10,11787.99,4005900938534
COTO,573911,Fideos Spaghetti MATARAZZO 500g,1228.71,40%Dto,2026-10-10,2100.00,7790070336309
COTO,573921,Fideos Tirabuzon N° 28 Matarazzo 500g,1228.71,40%Dto,2026-10-10,2100.00,7790070336293
COTO,572003,Fideos Mostachol N52 Matarazzo 500g,1228.71,40%Dto,2026-10-10,2100.00,7790070336217
COTO,571986,Fideos Tirabuzon N34 3 Vegetales Matarazzo 500g,1440.00,40%Dto,2026-10-10,2400.00,7790070335937
COTO,3546,Moño MATARAZZO 500 Gr,2040.00,40%Dto,2026-10-10,3400.00,7790230033031
COTO,573917,Fideos Spaghetti N° 7 LUCCHETTI 500g,1750.00,,2026-10-10,1750.00,7790070336385
COTO,571998,Fideos Tirabuzón LUCCHETTI 500g,1750.00,,2026-10-10,1750.00,7790070336026
COTO,573920,Fideos Tallarín Matarazzo 500g,1228.71,40%Dto,2026-10-10,2100.00,7790070336316
COTO,249446,Espagueti FAVORITA 500 Gr,1160.00,,2026-10-10,1160.00,7790070320285
COTO,573912,Fideos Fusilli Mix De Vegetales Terrabusi 500g,1500.00,,2026-10-10,1500.00,7790070336071
COTO,263761,Coditos MATARAZZO 500 Gr,1228.71,40%Dto,2026-10-10,2100.00,7790070318619
COTO,572004,Fideos Mostachol N51 Lucchetti 500g,1750.00,,2026-10-10,1750.00,7790070336149
COTO,571995,Fideos Penne Rigate N48 Matarazzo 500g,1228.71,40%Dto,2026-10-10,2100.00,7790070336200
COTO,573935,Fideos Tallarín Con Huevo DON VICENTE 500g,3950.00,,2026-10-10,3950.00,7790070336576
COTO,248547,Tirabuzon FAVORITA 500 Gr,1160.00,,2026-10-10,1160.00,7790070320308
COTO,571984,Fideos Tirabuzon N34 Integral Matarazzo 500g,1440.00,40%Dto,2026-10-10,2400.00,7790070335968
COTO,573936,Fideos Caserito Con Huevo Don Vicente 500g,3950.00,,2026-10-10,3950.00,7790070336552
COTO,265522,Coditos LUCCHETTI Paquete 500 Gr,1750.00,,2026-10-10,1750.00,7790070318343
COTO,248545,Fideos Guiseros Semola FAVORITA Coditos 500 Grm,1160.00,,2026-10-10,1160.00,7790070320322
COTO,247356,Mostachol FAVORITA Paquete 500 Gr,1160.00,,2026-10-10,1160.00,7790070320315
COTO,571985,Fideos Penne Rigate N 45 3 Vegetales Matarazzo 500g,1440.00,40%Dto,2026-10-10,2400.00,7790070335944
COTO,571999,Fideos Spaghettini Integral Matarazzo 500g,1440.00,40%Dto,2026-10-10,2400.00,7790070335975
COTO,572005,Fideos Tallarin N5 Lucchetti 500g,1750.00,,2026-10-10,1750.00,7790070336118
COTO,573919,Fideos Bucatini Matarazzo 500g,1228.71,40%Dto,2026-10-10,2100.00,7790070336323
COTO,575425,Fideos Spaghetti Rina 500g,2468.86,35%Dto,2026-10-10,3800.00,7790070336651
COTO,575435,Fideos Fusilli Rina 500g,2468.86,35%Dto,2026-10-10,3800.00,7790070336644
COTO,573916,Fideos Foratini Lucchetti 500g,1750.00,,2026-10-10,1750.00,7790070336392
COTO,601010,Fideos Guiseros Sémola Tirabuzón Proteína Matarazzo 400g,2700.00,40%Dto,2026-10-10,4500.00,7790070322074
COTO,575434,Fideos Spaghetti Con Espinaca Rina 500g,2468.86,35%Dto,2026-10-10,3800.00,7790070336675
COTO,571996,Fideos Spaghetti Libre De Gluten Matarazzo 500g,2880.00,40%Dto,2026-10-10,4800.00,7790070336002
COTO,614289,Fideo Al Huevo Casereccia Rina 500g,2658.85,35%Dto,2026-10-10,4100.00,7790070100337
COTO,248548,Tallarin FAVORITA 500 Gr,1160.00,,2026-10-10,1160.00,7790070320292
COTO,614290,Fideo Al Huevo Fetuccine Rina 500g,2499.12,35%Dto,2026-10-10,3900.00,7790070100344
COTO,601011,Fideos Guiseros Mostachol Proteína Plus Matarazzo 400g,2700.00,40%Dto,2026-10-10,4500.00,7790070322081
COTO,573918,Fideos Penne Rigate N°45 Lucchetti 500g,1750.00,,2026-10-10,1750.00,7790070336361
COTO,575438,Fideos Rigatti Rina 500g,2468.86,35%Dto,2026-10-10,3800.00,7790070336637
COTO,571991,Fideos Tirabuzón 3 Vegetales Lucchetti 500g,2250.00,,2026-10-10,2250.00,7790070336057
COTO,571988,Fideos Tirabuzón Libre De Gluten Matarazzo 500g,2880.00,40%Dto,2026-10-10,4800.00,7790070335982
COTO,571987,Fideos Tirabuzon Libre De Gluten Mix Matarazzo 500g,2880.00,40%Dto,2026-10-10,4800.00,7790070336224
COTO,571992,Fideos Penne Rigate Libre De Gluten Matarazzo 500g,2880.00,40%Dto,2026-10-10,4800.00,7790070335999
COTO,573937,Fideos Fettuccine Con Huevo Don Vicente 500g,3950.00,,2026-10-10,3950.00,7790070336545
COTO,573934,Fideos Moños Con Huevo Don Vicente 500g,5000.00,,2026-10-10,5000.00,7790070336583
COTO,265514,Fideos Soperos Sem. LUCCHETTI Municiones Paq 500 Grm,1750.00,,2026-10-10,1750.00,7790070318855
COTO,624686,Fideos soperos de sémola estrellas LUCCHETTI 500g,1750.00,,2026-10-10,1750.00,7790070105431
COTO,13244,Moño LUCCHETTI Paquete 500 Gr,2750.00,,2026-10-10,2750.00,7790070318350
COTO,15039,Fideos Soperos Semola Terrabusi Ave Maria 500 Grm,1300.00,,2026-10-10,1300.00,7622300724283
COTO,575424,Fideos Semola Spaghetti Con Morron Rina 500g,2468.86,35%Dto,2026-10-10,3800.00,7790070336668
COTO,502894,Fideos Penne Rigat . BONALMA Paq 500 Grm,3560.00,,2026-10-10,3560.00,7798199870025
COTO,573938,Fideos Mostachol Rayado Mix De Vegetales Terrabusi 500g,1500.00,,2026-10-10,1500.00,7790070336538
COTO,573933,Fideos Tirabuzon Con Huevo Don Vicente 500g,3950.00,,2026-10-10,3950.00,7790070336590
COTO,44228,Fideos Fusilli X Kg,4199.40,40%Dto,2026-10-10,6999.00,2004422800000
COTO,604992,Fideos Guiseros Moño Federal 400g,1699.00,,2026-10-10,1699.00,7840024005253
COTO,604986,Fideos Guiseros Mostacholi Federal 400g,1500.00,,2026-10-10,1500.00,7840024005338
COTO,522419,Fideos De Semolin Con Huevo N4 308 Paq 500 Grm,2957.00,,2026-10-10,2957.00,7790427000440
COTO,573939,Fideos Tallarin N° 7 Terrabusi 500g,1300.00,,2026-10-10,1300.00,7790070336477
COTO,254122,Fideos Largos C/Huevo Fettuccini Espinaca DON VICENTE Paq 500 Grm,4570.00,,2026-10-10,4570.00,7790070321664
COTO,263800,Municiones MATARAZZO 500 Gr,1228.71,40%Dto,2026-10-10,2100.00,7790070320032
COTO,502895,Fid.Spaghetti . BONALMA Paq 500 Grm,3560.00,,2026-10-10,3560.00,7798199870018
COTO,573940,Fideos Spaghetti N°3 Terrabusi 500g,1300.00,,2026-10-10,1300.00,7790070336460
COTO,462099,Penne Rigate DELVERDE Paquete 500 Gr,6900.00,,2026-10-10,6900.00,8006680040321
COTO,589804,Fideos para niños con formitas LAS ACACIAS 400g,2300.00,,2026-10-10,2300.00,7730430003243
COTO,604983,Fideos Spaghetti Federal 400g,1600.00,,2026-10-10,1600.00,7840024005222
COTO,604984,Fideos Spaghetti Integral Federal 400g,2000.00,,2026-10-10,2000.00,7840024006663
COTO,529002,Fideos Chifferi Rigati Bonalma Paq 500 Grm,3560.00,,2026-10-10,3560.00,7798199870063
COTO,243781,Mostachol COTO Paquete 500 Gr,1700.00,,2026-10-10,1700.00,2800002437815
COTO,461497,Fusilli DELVERDE Paquete 500 Gr,6900.00,,2026-10-10,6900.00,8006680040291
COTO,580651,Fideos Al Huevo Tallarin N°7 Lucchetti 500g,2300.00,,2026-10-10,2300.00,7790070337009
COTO,610241,Fideos Al Huevo Tirabuzón Yüka 250g,3500.00,,2026-10-10,3500.00,7794903232905
COTO,589800,Fideos corbatita con vegetales LAS ACACIAS 400g,2999.00,,2026-10-10,2999.00,7730430004523
COTO,515891,Capelletini Verdura Giacomo Paq 500 Grm,5836.00,,2026-10-10,5836.00,7792390620748
COTO,569744,Fideos Semolín Con Huevo Tallarines N3 308 500g,2588.00,,2026-10-10,2588.00,7790427005155
COTO,610243,Fideos De Garbanzo Yüka 250g,3500.00,,2026-10-10,3500.00,7794903232844
COTO,622047,Fideos Farfalle REGGIA 500g,3500.00,,2026-10-10,3500.00,8008857400839
COTO,595474,Fideos Largos Spaghetti Bonavita 500g,1549.00,,2026-10-10,1549.00,7798031150049
COTO,609996,Fideos Fetuccini Zapallo Y Zanahoria Don Vicente 500g,4570.00,,2026-10-10,4570.00,7790070337214
COTO,604985,Fideos Tallarín Amarillo Fino Federal 400g,1500.00,,2026-10-10,1500.00,7840024001019
COTO,502896,Fid.Fusilli BONALMA Paq 500 Gr,3560.00,,2026-10-10,3560.00,7798199870032
COTO,249350,Tallarin COTO Al Huevo Paquete 500 Gr,2480.00,,2026-10-10,2480.00,2800002493507
COTO,604988,Fideos Guiseros Tirabuzón Federal 400g,1600.00,,2026-10-10,1600.00,7840024005383
COTO,612496,Fideos Mafalde N°19 Dei Sapori 500g,8909.00,,2026-10-10,8909.00,7798183900783
COTO,580641,Fideos Al Huevo Spaghetti LUCCHETTI 500g,2300.00,,2026-10-10,2300.00,7790070337108
COTO,1404,Penne Rigate BARILLA Caja 500 Gr,9183.00,,2026-10-10,9183.00,8076802085738
COTO,580650,Fideos Al Huevo Tirabuzon N°34 Lucchetti 500g,2300.00,,2026-10-10,2300.00,7790070337085
COTO,633130,Fideos Bruzzo Fusilli 500g,8500.00,,2026-10-10,8500.00,7798311610768
COTO,633131,Fideos Bruzzo Penne Rigate 500g,8500.00,,2026-10-10,8500.00,7798311610744
COTO,589815,Fideos corbatita LAS ACACIAS 500g,2500.00,,2026-10-10,2500.00,7730430001133
COTO,589805,Fideos tirabuzón LAS ACACIAS 500g,2000.00,,2026-10-10,2000.00,7730430001102
COTO,589821,Fideos Fetuccine con tinta de calamar LAS ACACIAS 400g,4500.00,,2026-10-10,4500.00,7730430003083
COTO,589807,Fideos Moña LAS ACACIAS 500g,2500.00,,2026-10-10,2500.00,7730430001119
COTO,589806,Fideos Rigatti LAS ACACIAS 500g,2000.00,,2026-10-10,2000.00,7730430001126
COTO,580649,Fideos Al Huevo Mostachol N°51 Lucchetti 500g,2300.00,,2026-10-10,2300.00,7790070337092
COTO,1391,Spaguettoni BARILLA Caja 500 Gr,9183.00,,2026-10-10,9183.00,8076808150072
COTO,589814,Fideos Spaghetti LAS ACACIAS 500g,2000.00,,2026-10-10,2000.00,7730430001447
COTO,569745,Fideos Semolín Con Huevo Tallarines N2 308 500g,2588.00,,2026-10-10,2588.00,7790427005148
COTO,461768,Linguine DELVERDE Paquete 500 Gr,6900.00,,2026-10-10,6900.00,8006680040116
COTO,265519,Dedalitos LUCCHETTI Paquete 500 Gr,1750.00,,2026-10-10,1750.00,7790070318398
COTO,1406,Fusilli BARILLA Caja 500 Gr,9183.00,,2026-10-10,9183.00,8076802085981
COTO,265520,Letras LUCCHETTI Paquete 500 Gr,1750.00,,2026-10-10,1750.00,7790070318381
COTO,249351,Tallarin COTO Espinaca Paquete 500 Gr,2480.00,,2026-10-10,2480.00,2800002493514
COTO,461488,Conchiglioni DELVERDE Paquete 500 Gr,9500.00,,2026-10-10,9500.00,8006680302405
COTO,612502,Fideos Pennette N°30 Dei Sapori 500g,8909.00,,2026-10-10,8909.00,7798183900714
COTO,604987,Fideos Guiseros Coditos Federal 400g,1500.00,,2026-10-10,1500.00,7840024005376
COTO,589822,Fideos Trompetin con albahaca LAS ACACIAS 400g,2999.00,,2026-10-10,2999.00,7730430004509
COTO,610244,Fideos tirabuzón de lenteja Yüka 250g,3500.00,,2026-10-10,3500.00,7794903232899
COTO,622052,Fideos spaghetti PALLANTE 500g,4500.00,,2026-10-10,4500.00,8008857112190
COTO,10423,Espagueti BARILLA Caja 500 Gr,9183.00,,2026-10-10,9183.00,8076800195057
COTO,604990,Fideos Guiseros Tirabuzón Mix De Vegetales Federal 400g,2200.00,,2026-10-10,2200.00,7840024006632
COTO,589813,Fideos guiseros Farfalle Tonde LAS ACACIAS 500g,2999.00,,2026-10-10,2999.00,7730430001621
COTO,573923,Fideos Tallarin Al Huevo Don Felipe 500g,2800.00,,2026-10-10,2800.00,7790070102027
COTO,264122,Dedalitos MATARAZZO 500 Gr,1228.71,40%Dto,2026-10-10,2100.00,7790070320025
COTO,479176,Fid.Semolin C/Hvo Nido Nº3 308 Paq 500 Grm,2957.00,,2026-10-10,2957.00,7790427000037
COTO,580642,Lasagna Lista En 3 Pasos Matarazzo 250g,1572.00,40%Dto,2026-10-10,2620.00,7790070337016
COTO,263799,Fettuccine MATARAZZO 500 Gr,1860.00,40%Dto,2026-10-10,3100.00,7790070318671
COTO,622060,Fideos Farfalle PALLANTE 500g,4500.00,,2026-10-10,4500.00,8008857112862
COTO,595470,Fideos Guiseros Mostachol Rayado Bonavita 500g,1549.00,,2026-10-10,1549.00,7798031150384
COTO,573922,Fideos Tirabuzon Al Huevo Don Felipe 500g,2700.00,,2026-10-10,2700.00,7790070335647
COTO,622059,Fideos rigatoni PALLANTE 500g,4500.00,,2026-10-10,4500.00,8008857112244
COTO,573942,Fideos Spaghetti Al Huevo Don Felipe 500g,2700.00,,2026-10-10,2700.00,7790070106230
COTO,604989,Fideos Guiseros Tirabuzón Mix Espinaca Federal 400g,2200.00,,2026-10-10,2200.00,7840024006670
COTO,27108,Spaghettini BARILLA Caja 500 Gr,9183.00,,2026-10-10,9183.00,8076800195033
COTO,254588,Mostachol CIUDAD DEL LAGO Paquete 500 Gr,1350.00,,2026-10-10,1350.00,2800002545886
COTO,612495,Fideos Ditali N°27 Dei Sapori 500g,8909.00,,2026-10-10,8909.00,7798183900738
COTO,622058,Fideos Gomiti REGGIA 500g,3000.00,,2026-10-10,3000.00,8008857300603
COTO,595475,Fideos Largos Tallarines Bonavita 500g,1549.00,,2026-10-10,1549.00,7798031150063
COTO,622048,Fideos fusilli PALLANTE 500g,4500.00,,2026-10-10,4500.00,8008857112480
COTO,622053,Fideos Elicoidali REGGIA 500g,3000.00,,2026-10-10,3000.00,8008857300238
COTO,254590,Espagueti CIUDAD DEL LAGO Paquete 500 Gr,1130.00,,2026-10-10,1130.00,2800002545909
COTO,44229,Fideos Fusilli Color X Kg,5039.40,40%Dto,2026-10-10,8399.00,2004422900007
COTO,622056,Fideos penne ziti rigate REGGIA 500g,3000.00,,2026-10-10,3000.00,8008857300344
COTO,604993,Fideos Largos Fetuccini Integral Federal 400g,2300.00,,2026-10-10,2300.00,7840024006656
COTO,610242,Fideos Tirabuzón De Arveja Yüka 250g,3500.00,,2026-10-10,3500.00,7794903232851
COTO,595472,Fideos Guiseros Tirabuzón Bonavita 500g,1549.00,,2026-10-10,1549.00,7798031150070
COTO,589810,Fideos guiseros Penne Rigate LAS ACACIAS 500g,2500.00,,2026-10-10,2500.00,7730430001638
COTO,243780,Tirabuzon COTO Paquete 500 Gr,1700.00,,2026-10-10,1700.00,2800002437808
COTO,622049,Fideos fusilli tricolor PALLANTE 500g,4500.00,,2026-10-10,4500.00,8008857112657
COTO,589825,Fideos Fetuccine con albahaca LAS ACACIAS 400g,3200.00,,2026-10-10,3200.00,7730430004493
COTO,38687,Cabellos De Ángel LUCCHETTI Paquete 500 Gr,2500.00,,2026-10-10,2500.00,7790070320155
COTO,622057,Fideo largo Linguine PALLANTE 500g,4500.00,,2026-10-10,4500.00,8008857112053
COTO,589802,Fideos guiseros Pennette Rigate LAS ACACIAS 500g,2500.00,,2026-10-10,2500.00,7730430001645
COTO,569741,Fideos Semolín Con Espinaca Nido 308 500g,3209.00,,2026-10-10,3209.00,7790427000051
COTO,515892,Capelletini Queso Y Jamón Giacomo Paq 500 Grm,5836.00,,2026-10-10,5836.00,7792390620786
COTO,604991,Fideos Guiseros Integral Tirabuzón Federal 400g,2100.00,,2026-10-10,2100.00,7840024006649
COTO,240461,Capelettini LUCCHETTI Espinaca Y Queso Paquete 500 Gr,6500.00,,2026-10-10,6500.00,7790070317469
COTO,44225,Fideos X Kg,5159.40,40%Dto,2026-10-10,8599.00,2004422500009
COTO,580656,Lasagna Lista En 3 Pasos Matarazzo 400g,2388.00,40%Dto,2026-10-10,3980.00,7790070337023
COTO,569740,Fideos De Sémola Cabello De Ángel 308 500g,2272.00,,2026-10-10,2272.00,7790427004196
COTO,589801,Fideos guiseros de sémola Spaghetti LAS ACACIAS 500g,1690.00,35%Dto,2026-10-10,2600.00,7730430001973
COTO,622050,Fideos Fusilli REGGIA 500g,3000.00,,2026-10-10,3000.00,8008857300481
COTO,622055,Fideos largos Linguine REGGIA 500g,3500.00,,2026-10-10,3500.00,8008857200057
COTO,38688,Nido Fettucine LUCCHETTI Paquete 500 Gr,2500.00,,2026-10-10,2500.00,7790070318312
COTO,284655,Capelettini LUCCHETTI Multicolor Paquete 500 Gr,6500.00,,2026-10-10,6500.00,7790070320100
COTO,622054,Fideos Penne Rigate PALLANTE 500g,4500.00,,2026-10-10,4500.00,8008857112343
COTO,589811,Fideos guiseros sémola Fusilli LAS ACACIAS 500g,2800.00,,2026-10-10,2800.00,7730430001652
COTO,589818,Fideos al huevo Moña LAS ACACIAS 500g,3312.00,,2026-10-10,3312.00,7730430000334
COTO,633134,Spaghetti Bruzzo Pasta de Sémola de Grano Duro 500g,8500.00,,2026-10-10,8500.00,7798311610751
COTO,569743,Fideos Semolín Con Espinaca Tallarines N2 308 500g,2752.00,,2026-10-10,2752.00,7790427000259
COTO,622051,Fideos spaghetti REGGIA 500g,3000.00,,2026-10-10,3000.00,8008857200194
COTO,240468,Capelettini LUCCHETTI Jamón Y Queso Paquete 500 Gr,6500.00,,2026-10-10,6500.00,7790070317452
COTO,13646,Ñoquis De Papa Bandeja,2639.40,40%Dto,2026-10-10,4399.00,2001364600002
COTO,608714,Fetuccini Morrón Don Vicente 500g,4570.00,,2026-10-10,4570.00,7790070337207
COTO,568037,Ñoquis De Semolín Ciudad Del Lago 500g,1669.85,35%Dto,2026-10-10,2569.00,2800005680379
COTO,515890,Capelletini Carne Giacomo Paq 500 Grm,5836.00,,2026-10-10,5836.00,7792390620700
COTO,589820,Fideos al huevo corbatita LAS ACACIAS 500g,3312.00,,2026-10-10,3312.00,7730430000341
COTO,479161,Fid.Semolin C/Hvo Nido N°2 308 Paq 500 Grm,2957.00,,2026-10-10,2957.00,7790427000020
COTO,589812,Fideos largos semola Fettuccini LAS ACACIAS 500g,1949.10,35%Dto,2026-10-10,3000.00,7730430002611
COTO,243782,Espagueti COTO Paquete 500 Gr,1700.00,,2026-10-10,1700.00,2800002437822
COTO,44219,Fideos Cinta X Kg,4660.62,40%Dto,2026-10-10,7769.00,2004421900008
COTO,589082,Fideos Tallarín De Semolín Ciudad Del Lago 500g,2949.00,,2026-10-10,2949.00,2800005890822
COTO,589816,Fideos al huevo Spaghetti LAS ACACIAS 500g,3002.00,,2026-10-10,3002.00,7730430000143
COTO,584430,Fid.Gui.Sem Fusilli Pasta Bella Paq 500 Grm,2500.00,,2026-10-10,2500.00,5304000222284
COTO,495537,Fid.Casereccen N° 38 Dei Sapori Paq 500 Grm,8909.00,,2026-10-10,8909.00,7798183900066
COTO,56825,Tallarin PUNTA MOGOTES Al Huevo Paquete 500 Gr,2558.00,,2026-10-10,2558.00,7793860000039
COTO,589081,Fideos Mostacholes De Semolín Ciudad Del Lago 500g,3389.00,,2026-10-10,3389.00,2800005890815
COTO,589819,Fideos al huevo Rigatti LAS ACACIAS 500g,3312.00,,2026-10-10,3312.00,7730430000167
COTO,589823,Fideos Trompetin con vegetales LAS ACACIAS 400g,2999.00,,2026-10-10,2999.00,7730430004530
COTO,495544,Fid.Gnocchi Sardi N°31 Dei Sapori Paq 500 Grm,8909.00,,2026-10-10,8909.00,7798183900486
COTO,495538,Fid.Penne N 32 Dei Sapori Paq 500 Grm,8909.00,,2026-10-10,8909.00,7798183900110
COTO,589817,Fideos Fettuccine integral LAS ACACIAS 400g,3200.00,,2026-10-10,3200.00,7730430004554
COTO,265521,Ave María LUCCHETTI Paquete 500 Gr,1750.00,,2026-10-10,1750.00,7790070318374
COTO,589809,Fideos tirabuzón integral LAS ACACIAS 400g,2999.00,,2026-10-10,2999.00,7730430004547
COTO,495545,Fid.Conchiglie N° 36 Dei Sapori Paq 500 Grm,8909.00,,2026-10-10,8909.00,7798183900035
COTO,479175,Fid.Semolin C/Hvo Nido N°1 308 Paq 500 Grm,2957.00,,2026-10-10,2957.00,7790427000013
COTO,263768,Cabellos De Ángel MATARAZZO 500 Gr,1860.00,40%Dto,2026-10-10,3100.00,7790070320001
COTO,584438,Fid.Lar.Sem Spaghetti Diamond Paq 500 Grm,3200.00,,2026-10-10,3200.00,5304000222604
COTO,495536,Fid.Creste Di Gall N° 35 Dei Sapori Paq 500 Grm,8909.00,,2026-10-10,8909.00,7798183900516
COTO,5520,Tallarin PUNTA MOGOTES Al Huevo Paquete 500 Gr,2558.00,,2026-10-10,2558.00,7793860000015
COTO,495540,Fid.Route N° 82 Dei Sapori Paq 500 Grm,8909.00,,2026-10-10,8909.00,7798183900288
COTO,589798,Fideos al huevo tirabuzón LAS ACACIAS 500g,3312.00,,2026-10-10,3312.00,7730430000136
COTO,612503,Fideos Tubetti N°29 Dei Sapori 500g,8909.00,,2026-10-10,8909.00,7798183900721
COTO,589824,Fideos tirabuzón con albahaca LAS ACACIAS 400g,2999.00,,2026-10-10,2999.00,7730430004486
COTO,589799,Fideos tirabuzón con vegetales LAS ACACIAS 400g,2999.00,,2026-10-10,2999.00,7730430004516
COTO,586164,Ñoquis Papa Amici 500g,2000.00,,2026-10-10,2000.00,7791664001283
COTO,592869,Fideos Rigatoni Integral Pureza 500g,3037.00,,2026-10-10,3037.00,7792180141644
COTO,584432,Fid.Gui.Sem Fusilli Diamond Paq 500 Grm,3200.00,,2026-10-10,3200.00,5304000222673
COTO,254589,Dedalitos CIUDAD DEL LAGO Paquete 500 Gr,1350.00,,2026-10-10,1350.00,2800002545893
COTO,512447,Fideos Semolin Cabello De Ángel 308 500g,2579.00,,2026-10-10,2579.00,7790427005162
COTO,284654,Capelletini LUCCHETTI Carne Paq 500 Grm,6500.00,,2026-10-10,6500.00,7790070320117
COTO,44643,Fideos Finos X Kg,5159.40,40%Dto,2026-10-10,8599.00,2004464300001
COTO,572178,Fideo Rigatti Al Huevo Pureza 500g,3037.00,,2026-10-10,3037.00,7792180141682
COTO,263767,Ave María MATARAZZO 500 Gr,1228.71,40%Dto,2026-10-10,2100.00,7790070320018
COTO,572180,Fideos Rigatoni Al Huevo Pureza 500g,3037.00,,2026-10-10,3037.00,7792180141675
COTO,495547,Fid.Fusilli N°34 Spinaci M Dei Sapori Paq 500 Grm,9600.00,,2026-10-10,9600.00,7798183900196
COTO,70868,Fideos Caseros Zanahoria Coto X Kg,4859.40,40%Dto,2026-10-10,8099.00,2070868000007
COTO,589803,Fideos guiseros sémola Farfalle LAS ACACIAS 500g,2999.00,,2026-10-10,2999.00,7730430001614
COTO,9533,Tallarin PUNTA MOGOTES Espinaca Paquete 500 Gr,2558.00,,2026-10-10,2558.00,7793860000053
COTO,614316,Lasagna Al Huevo Rina 400g,3768.84,35%Dto,2026-10-10,5800.00,7790070100320
COTO,584439,Fid.Lar.Sem Spaghetti Pasta Bella Paq 500 Grm,2500.00,,2026-10-10,2500.00,5304000222321
COTO,6039,Fideos Caseros Al Pesto X Kg,4661.40,40%Dto,2026-10-10,7769.00,2006039000002
COTO,495546,Fid.Fusilli N°34 Dei Sapori Paq 500 Grm,8909.00,,2026-10-10,8909.00,7798183900042
COTO,565178,Ñoquis De Papa La Salteña 900g,6599.00,,2026-10-10,6599.00,7790070621825
COTO,13642,Ñoquis En Bandeja X 1 Uni,2639.40,40%Dto,2026-10-10,4399.00,2001364200004
COTO,589808,Fideo trompetin integral LAS ACACIAS 400g,2999.00,,2026-10-10,2999.00,7730430004561
COTO,495541,Fid.Gnocchi Sardi N°31 Spanaci Dei Sapori Paq 500 Grm,9600.00,,2026-10-10,9600.00,7798183900653
COTO,532591,Sopas De La Abuela Criolla Con Fideos Alicante Sob 72 Grm,1909.00,,2026-10-10,1909.00,7790150440483
COTO,44341,Fideos Cordón X Kg,4660.62,40%Dto,2026-10-10,7769.00,2004434100006
COTO,541563,Fideos Fusilli Al Huevo Pureza 500 Grm,3037.00,,2026-10-10,3037.00,7792180141668
COTO,532597,Sopas De La Abuela Huerta Con Fideos Y Vegetales Alicante Sob 72 Grm,2099.00,,2026-10-10,2099.00,7790150440438
COTO,187578,Lasagna BARILLA Precocida Paquete 500 Gr,15812.00,,2026-10-10,15812.00,8076809523738
COTO,541562,Fideos Fusilli Integral Pureza 500 Grm,3037.00,,2026-10-10,3037.00,7792180141637
COTO,612184,Ñoquis De Papa La Salteña 450g,3499.00,,2026-10-10,3499.00,7790070612106
COTO,569742,Fideos Semolín Con Morrón Tallarines N2 308 500g,2752.00,,2026-10-10,2752.00,7790427000242
COTO,612501,Fideos Penne N°32 Dei Sapori 500g,9600.00,,2026-10-10,9600.00,7798183900141
COTO,13699,Ñoquis Calabaza Bja 1 Uni,2639.40,40%Dto,2026-10-10,4399.00,2001369900008
COTO,603034,Utensilio Fideos Vegetales 11x7cm,11899.00,,2026-10-10,11899.00,7791416011348
COTO,13652,Ñoquis Primavera Bja 1 Uni,2639.40,40%Dto,2026-10-10,4399.00,2001365200003
COTO,592853,Fideos Rigatti Integral Pureza 500g,3037.00,,2026-10-10,3037.00,7792180141651
COTO,44231,Mostachol Coto X Kg,5039.40,40%Dto,2026-10-10,8399.00,2004423100000
COTO,13698,Ñoquis Al Pesto Bja 1 Uni,2639.40,40%Dto,2026-10-10,4399.00,2001369800001
COTO,561906,Fideos Fettuccine A Nido Colavita 500g,11012.00,,2026-10-10,11012.00,8004323212685
COTO,44224,Fideos A La Crema X Kg,4282.69,40%Dto,2026-10-10,7139.00,2004422400002
COTO,44340,Fideos Cordón De Espinaca X Kg,5159.40,40%Dto,2026-10-10,8599.00,2004434000009
COTO,186544,Fideos Spaghetti De Sémola Colavita 500g,6028.00,,2026-10-10,6028.00,8004323110035
COTO,13716,Ñoquis Espinaca Bja 1 Uni,2639.40,40%Dto,2026-10-10,4399.00,2001371600002
COTO,584434,Fid.Gui.Sem Penne Rigate Pasta Bella Paq 500 Grm,2500.00,,2026-10-10,2500.00,5304000222291
COTO,13729,Tallarin PUNTA MOGOTES Morrón Paquete 500 Gr,2558.00,,2026-10-10,2558.00,7793860000084
COTO,5521,Tallarin PUNTA MOGOTES Al Huevo Caja 500 Gr,2934.00,,2026-10-10,2934.00,7793860000060
COTO,44230,Macarron Coto X Kg,5039.40,40%Dto,2026-10-10,8399.00,2004423000003
COTO,230747,Fid.Guisero Pennette Rigat Barilla Paq 500 Grm,10815.00,,2026-10-10,10815.00,8076809529433
COTO,13657,Ñoquis Remolacha Bja 1 Uni,2639.40,40%Dto,2026-10-10,4399.00,2001365700008
COTO,561907,Fideos Pappardelle Nests Colavita 500g,11012.00,,2026-10-10,11012.00,8004323212708
COTO,242303,Fideos Tagliatelle Colavita 500g,6028.00,,2026-10-10,6028.00,8004323110141
COTO,221980,Fideos Huevo Yuli Bli 500 Grm,2629.00,,2026-10-10,2629.00,7793897000026
COTO,44222,Fideos Cordón De Morron X Kg,4738.61,40%Dto,2026-10-10,7899.00,2004422200008
COTO,584433,Fid.Gui.Sem Penne Rigate Diamond Paq 500 Grm,3200.00,,2026-10-10,3200.00,5304000222659
COTO,488399,Fid.Finos Tallarines Al Huevo La Italiana Ban 500 Grm,3252.00,,2026-10-10,3252.00,7791664000163
COTO,220732,Spaghettini DE CECCO Paquete 500 Gr,10064.00,,2026-10-10,10064.00,8001250120113
COTO,230743,Espagueti BARILLA Integral Caja 500 Gr,11435.00,,2026-10-10,11435.00,8076809529419
COTO,461048,Ñoquis Papa Mendia 500 Grm,2735.00,,2026-10-10,2735.00,7790522002769
COTO,217955,Ñoquis Semolin Villa Dagri Bli 500 Grm,3419.00,,2026-10-10,3419.00,7795711000106
COTO,203566,Ñoquis Papa Yuli Bli 500 Grm,2939.00,,2026-10-10,2939.00,7793897000095
COTO,229932,Ñoquis Papa Mendia Cja 1 Kgm,5549.00,,2026-10-10,5549.00,7790522002844
COTO,488400,Ñoquis Papa La Italiana Ban 500 Grm,2939.00,,2026-10-10,2939.00,7791664000453
